-- ============================================================
-- Dummy data generated from ygo-grimoire themes
-- Generated at: 2026-01-23T11:27:40.580Z
-- ============================================================

-- ============================================================
-- User: testuser (admin + debugger)
-- Email: test@example.com / Password: password123
-- ============================================================

-- Clean existing data for this user
DELETE FROM public.duels WHERE user_id = '00000000-0000-0000-0000-000000000001';
DELETE FROM public.decks WHERE user_id = '00000000-0000-0000-0000-000000000001';
DELETE FROM public.users WHERE id = '00000000-0000-0000-0000-000000000001';
DELETE FROM auth.identities WHERE user_id = '00000000-0000-0000-0000-000000000001';
DELETE FROM auth.users WHERE id = '00000000-0000-0000-0000-000000000001';

-- Auth user
INSERT INTO auth.users (
  id, instance_id, aud, role, email, encrypted_password,
  email_confirmed_at, created_at, updated_at,
  confirmation_token, recovery_token,
  email_change, email_change_token_new, email_change_token_current,
  phone_change, phone_change_token,
  reauthentication_token,
  raw_app_meta_data, raw_user_meta_data
) VALUES (
  '00000000-0000-0000-0000-000000000001',
  '00000000-0000-0000-0000-000000000000',
  'authenticated', 'authenticated',
  'test@example.com',
  crypt('password123', gen_salt('bf')),
  now(), now(), now(),
  '', '', '', '', '', '', '', '',
  '{"provider": "email", "providers": ["email"]}',
  '{"display_name": "testuser"}'
);

-- Auth identity
INSERT INTO auth.identities (
  id, user_id, provider_id, provider, identity_data, last_sign_in_at, created_at, updated_at
) VALUES (
  '00000000-0000-0000-0000-000000000001',
  '00000000-0000-0000-0000-000000000001',
  '00000000-0000-0000-0000-000000000001',
  'email',
  jsonb_build_object('sub', '00000000-0000-0000-0000-000000000001', 'email', 'test@example.com'),
  now(), now(), now()
);

-- App user (admin + debugger)
INSERT INTO public.users (id, email, display_name, is_admin, is_debugger)
VALUES ('00000000-0000-0000-0000-000000000001', 'test@example.com', 'testuser', true, true);

-- Decks (player + opponent)
INSERT INTO public.decks (id, user_id, name, is_opponent_deck, active) VALUES
  ('20000000-0000-0000-0000-000000000001', '00000000-0000-0000-0000-000000000001', 'ライゼオル', false, true),
  ('20000000-0000-0000-0000-000000000002', '00000000-0000-0000-0000-000000000001', 'ラビュリンス', false, true),
  ('20000000-0000-0000-0000-000000000003', '00000000-0000-0000-0000-000000000001', '烙印', false, true),
  ('20000000-0000-0000-0000-000000000004', '00000000-0000-0000-0000-000000000001', 'デモンスミス', false, true),
  ('20000000-0000-0000-0000-000000000005', '00000000-0000-0000-0000-000000000001', '閃刀姫', false, true),
  ('30000000-0000-0000-0000-000000000001', '00000000-0000-0000-0000-000000000001', 'ブラック・マジシャン', true, true),
  ('30000000-0000-0000-0000-000000000002', '00000000-0000-0000-0000-000000000001', 'R－ACE', true, true),
  ('30000000-0000-0000-0000-000000000003', '00000000-0000-0000-0000-000000000001', '粛声', true, true),
  ('30000000-0000-0000-0000-000000000004', '00000000-0000-0000-0000-000000000001', 'DD（ディーディー）', true, true),
  ('30000000-0000-0000-0000-000000000005', '00000000-0000-0000-0000-000000000001', 'マドルチェ', true, true),
  ('30000000-0000-0000-0000-000000000006', '00000000-0000-0000-0000-000000000001', '御巫', true, true),
  ('30000000-0000-0000-0000-000000000007', '00000000-0000-0000-0000-000000000001', 'ゴーティス', true, true),
  ('30000000-0000-0000-0000-000000000008', '00000000-0000-0000-0000-000000000001', 'マシンナーズ', true, true),
  ('30000000-0000-0000-0000-000000000009', '00000000-0000-0000-0000-000000000001', '捕食植物', true, true),
  ('30000000-0000-0000-0000-00000000000a', '00000000-0000-0000-0000-000000000001', '不知火', true, true),
  ('30000000-0000-0000-0000-00000000000b', '00000000-0000-0000-0000-000000000001', 'ドラゴンメイド', true, true),
  ('30000000-0000-0000-0000-00000000000c', '00000000-0000-0000-0000-000000000001', '妖仙獣', true, true),
  ('30000000-0000-0000-0000-00000000000d', '00000000-0000-0000-0000-000000000001', 'トライブリゲード', true, true),
  ('30000000-0000-0000-0000-00000000000e', '00000000-0000-0000-0000-000000000001', '超重武者', true, true),
  ('30000000-0000-0000-0000-00000000000f', '00000000-0000-0000-0000-000000000001', 'クシャトリラ', true, true),
  ('30000000-0000-0000-0000-000000000010', '00000000-0000-0000-0000-000000000001', '六武衆', true, true),
  ('30000000-0000-0000-0000-000000000011', '00000000-0000-0000-0000-000000000001', '白き森', true, true),
  ('30000000-0000-0000-0000-000000000012', '00000000-0000-0000-0000-000000000001', 'スプライト', true, true),
  ('30000000-0000-0000-0000-000000000013', '00000000-0000-0000-0000-000000000001', 'M∀LICE', true, true),
  ('30000000-0000-0000-0000-000000000014', '00000000-0000-0000-0000-000000000001', 'E・HERO', true, true),
  ('30000000-0000-0000-0000-000000000015', '00000000-0000-0000-0000-000000000001', '天盃龍', true, true),
  ('30000000-0000-0000-0000-000000000016', '00000000-0000-0000-0000-000000000001', '剣闘獣', true, true),
  ('30000000-0000-0000-0000-000000000017', '00000000-0000-0000-0000-000000000001', '幻影騎士団', true, true),
  ('30000000-0000-0000-0000-000000000018', '00000000-0000-0000-0000-000000000001', 'シャドール', true, true),
  ('30000000-0000-0000-0000-000000000019', '00000000-0000-0000-0000-000000000001', 'ライゼオル', true, true),
  ('30000000-0000-0000-0000-00000000001a', '00000000-0000-0000-0000-000000000001', 'セフィラ', true, true),
  ('30000000-0000-0000-0000-00000000001b', '00000000-0000-0000-0000-000000000001', 'ヴァレット', true, true),
  ('30000000-0000-0000-0000-00000000001c', '00000000-0000-0000-0000-000000000001', 'ラビュリンス', true, true),
  ('30000000-0000-0000-0000-00000000001d', '00000000-0000-0000-0000-000000000001', 'サンダー・ドラゴン', true, true),
  ('30000000-0000-0000-0000-00000000001e', '00000000-0000-0000-0000-000000000001', 'マテリアクトル', true, true),
  ('30000000-0000-0000-0000-00000000001f', '00000000-0000-0000-0000-000000000001', '春化精', true, true),
  ('30000000-0000-0000-0000-000000000020', '00000000-0000-0000-0000-000000000001', 'ドラグマ', true, true);

-- Duels (272 records across 3 months)
INSERT INTO public.duels (user_id, deck_id, opponent_deck_id, result, game_mode, is_first, won_coin_toss, rank, rate_value, dc_value, memo, dueled_at) VALUES
  ('00000000-0000-0000-0000-000000000001', '20000000-0000-0000-0000-000000000002', '30000000-0000-0000-0000-000000000005', 'loss', 'EVENT', true, true, NULL, NULL, NULL, NULL, '2025-10-31T15:05:00.000Z'),
  ('00000000-0000-0000-0000-000000000001', '20000000-0000-0000-0000-000000000002', '30000000-0000-0000-0000-000000000019', 'win', 'RATE', false, false, NULL, 1201, NULL, NULL, '2025-11-01T00:11:00.000Z'),
  ('00000000-0000-0000-0000-000000000001', '20000000-0000-0000-0000-000000000002', '30000000-0000-0000-0000-00000000000d', 'loss', 'RATE', false, false, NULL, 1214, NULL, NULL, '2025-11-01T02:52:00.000Z'),
  ('00000000-0000-0000-0000-000000000001', '20000000-0000-0000-0000-000000000001', '30000000-0000-0000-0000-000000000009', 'loss', 'RANK', false, false, 10, NULL, NULL, NULL, '2025-11-01T04:20:00.000Z'),
  ('00000000-0000-0000-0000-000000000001', '20000000-0000-0000-0000-000000000001', '30000000-0000-0000-0000-000000000007', 'win', 'RATE', true, true, NULL, 1235, NULL, NULL, '2025-11-01T07:21:00.000Z'),
  ('00000000-0000-0000-0000-000000000001', '20000000-0000-0000-0000-000000000001', '30000000-0000-0000-0000-000000000012', 'loss', 'RANK', false, false, 3, NULL, NULL, NULL, '2025-11-02T02:55:00.000Z'),
  ('00000000-0000-0000-0000-000000000001', '20000000-0000-0000-0000-000000000001', '30000000-0000-0000-0000-00000000001e', 'loss', 'RANK', true, true, 4, NULL, NULL, '墓穴で止められた', '2025-11-03T07:26:00.000Z'),
  ('00000000-0000-0000-0000-000000000001', '20000000-0000-0000-0000-000000000002', '30000000-0000-0000-0000-00000000001d', 'loss', 'EVENT', true, true, NULL, NULL, NULL, NULL, '2025-11-04T09:42:00.000Z'),
  ('00000000-0000-0000-0000-000000000001', '20000000-0000-0000-0000-000000000001', '30000000-0000-0000-0000-000000000011', 'win', 'EVENT', true, true, NULL, NULL, NULL, NULL, '2025-11-04T10:18:00.000Z'),
  ('00000000-0000-0000-0000-000000000001', '20000000-0000-0000-0000-000000000001', '30000000-0000-0000-0000-00000000001d', 'win', 'RATE', false, true, NULL, 1222, NULL, NULL, '2025-11-04T16:41:00.000Z'),
  ('00000000-0000-0000-0000-000000000001', '20000000-0000-0000-0000-000000000001', '30000000-0000-0000-0000-00000000000b', 'loss', 'EVENT', true, true, NULL, NULL, NULL, '初手弱すぎ', '2025-11-05T13:38:00.000Z'),
  ('00000000-0000-0000-0000-000000000001', '20000000-0000-0000-0000-000000000001', '30000000-0000-0000-0000-000000000012', 'win', 'RANK', true, false, 4, NULL, NULL, NULL, '2025-11-05T15:24:00.000Z'),
  ('00000000-0000-0000-0000-000000000001', '20000000-0000-0000-0000-000000000002', '30000000-0000-0000-0000-000000000016', 'loss', 'RANK', true, true, 9, NULL, NULL, NULL, '2025-11-05T23:13:00.000Z'),
  ('00000000-0000-0000-0000-000000000001', '20000000-0000-0000-0000-000000000003', '30000000-0000-0000-0000-000000000015', 'loss', 'DC', false, false, NULL, NULL, 710, NULL, '2025-11-06T05:36:00.000Z'),
  ('00000000-0000-0000-0000-000000000001', '20000000-0000-0000-0000-000000000001', '30000000-0000-0000-0000-00000000000c', 'loss', 'DC', false, false, NULL, NULL, 191, NULL, '2025-11-06T08:31:00.000Z'),
  ('00000000-0000-0000-0000-000000000001', '20000000-0000-0000-0000-000000000001', '30000000-0000-0000-0000-00000000000f', 'win', 'RANK', true, true, 1, NULL, NULL, NULL, '2025-11-06T10:48:00.000Z'),
  ('00000000-0000-0000-0000-000000000001', '20000000-0000-0000-0000-000000000001', '30000000-0000-0000-0000-00000000000f', 'loss', 'RANK', false, false, 20, NULL, NULL, '相手の盤面返せず', '2025-11-07T15:46:00.000Z'),
  ('00000000-0000-0000-0000-000000000001', '20000000-0000-0000-0000-000000000002', '30000000-0000-0000-0000-00000000000d', 'loss', 'RATE', false, false, NULL, 1193, NULL, NULL, '2025-11-08T03:07:00.000Z'),
  ('00000000-0000-0000-0000-000000000001', '20000000-0000-0000-0000-000000000002', '30000000-0000-0000-0000-000000000006', 'win', 'RANK', false, false, 7, NULL, NULL, NULL, '2025-11-08T07:17:00.000Z'),
  ('00000000-0000-0000-0000-000000000001', '20000000-0000-0000-0000-000000000001', '30000000-0000-0000-0000-000000000003', 'loss', 'RANK', false, false, 5, NULL, NULL, NULL, '2025-11-08T09:54:00.000Z'),
  ('00000000-0000-0000-0000-000000000001', '20000000-0000-0000-0000-000000000005', '30000000-0000-0000-0000-000000000001', 'win', 'RANK', false, false, 13, NULL, NULL, '初手全ハンデス成功', '2025-11-08T15:40:00.000Z'),
  ('00000000-0000-0000-0000-000000000001', '20000000-0000-0000-0000-000000000001', '30000000-0000-0000-0000-00000000001a', 'win', 'RATE', true, false, NULL, 1216, NULL, NULL, '2025-11-09T06:11:00.000Z'),
  ('00000000-0000-0000-0000-000000000001', '20000000-0000-0000-0000-000000000001', '30000000-0000-0000-0000-00000000000d', 'loss', 'RANK', false, false, 6, NULL, NULL, NULL, '2025-11-09T13:03:00.000Z'),
  ('00000000-0000-0000-0000-000000000001', '20000000-0000-0000-0000-000000000001', '30000000-0000-0000-0000-000000000010', 'win', 'RANK', true, true, 8, NULL, NULL, 'ギリギリ', '2025-11-09T16:13:00.000Z'),
  ('00000000-0000-0000-0000-000000000001', '20000000-0000-0000-0000-000000000001', '30000000-0000-0000-0000-000000000008', 'loss', 'RANK', false, false, 3, NULL, NULL, NULL, '2025-11-10T04:30:00.000Z'),
  ('00000000-0000-0000-0000-000000000001', '20000000-0000-0000-0000-000000000001', '30000000-0000-0000-0000-00000000000f', 'win', 'RANK', false, false, 19, NULL, NULL, NULL, '2025-11-10T05:26:00.000Z'),
  ('00000000-0000-0000-0000-000000000001', '20000000-0000-0000-0000-000000000002', '30000000-0000-0000-0000-000000000003', 'loss', 'RANK', true, true, 13, NULL, NULL, NULL, '2025-11-10T11:56:00.000Z'),
  ('00000000-0000-0000-0000-000000000001', '20000000-0000-0000-0000-000000000001', '30000000-0000-0000-0000-00000000000d', 'win', 'RATE', false, false, NULL, 1206, NULL, NULL, '2025-11-11T00:00:00.000Z'),
  ('00000000-0000-0000-0000-000000000001', '20000000-0000-0000-0000-000000000001', '30000000-0000-0000-0000-000000000014', 'win', 'RATE', true, true, NULL, 1220, NULL, '連勝中', '2025-11-12T04:43:00.000Z'),
  ('00000000-0000-0000-0000-000000000001', '20000000-0000-0000-0000-000000000002', '30000000-0000-0000-0000-000000000005', 'win', 'RANK', true, true, 9, NULL, NULL, NULL, '2025-11-12T06:56:00.000Z'),
  ('00000000-0000-0000-0000-000000000001', '20000000-0000-0000-0000-000000000001', '30000000-0000-0000-0000-00000000001f', 'loss', 'RANK', false, false, 3, NULL, NULL, NULL, '2025-11-12T16:40:00.000Z'),
  ('00000000-0000-0000-0000-000000000001', '20000000-0000-0000-0000-000000000001', '30000000-0000-0000-0000-00000000000f', 'win', 'RANK', false, false, 12, NULL, NULL, NULL, '2025-11-13T08:39:00.000Z'),
  ('00000000-0000-0000-0000-000000000001', '20000000-0000-0000-0000-000000000004', '30000000-0000-0000-0000-00000000000b', 'win', 'RANK', true, true, 14, NULL, NULL, NULL, '2025-11-13T13:18:00.000Z'),
  ('00000000-0000-0000-0000-000000000001', '20000000-0000-0000-0000-000000000002', '30000000-0000-0000-0000-000000000019', 'win', 'EVENT', false, false, NULL, NULL, NULL, NULL, '2025-11-14T00:05:00.000Z'),
  ('00000000-0000-0000-0000-000000000001', '20000000-0000-0000-0000-000000000001', '30000000-0000-0000-0000-00000000000f', 'win', 'RANK', false, false, 9, NULL, NULL, NULL, '2025-11-14T04:22:00.000Z'),
  ('00000000-0000-0000-0000-000000000001', '20000000-0000-0000-0000-000000000001', '30000000-0000-0000-0000-00000000000b', 'loss', 'RANK', true, true, 2, NULL, NULL, NULL, '2025-11-14T04:59:00.000Z'),
  ('00000000-0000-0000-0000-000000000001', '20000000-0000-0000-0000-000000000001', '30000000-0000-0000-0000-000000000019', 'loss', 'DC', false, false, NULL, NULL, 121, NULL, '2025-11-14T08:23:00.000Z'),
  ('00000000-0000-0000-0000-000000000001', '20000000-0000-0000-0000-000000000001', '30000000-0000-0000-0000-000000000010', 'loss', 'RANK', false, false, 10, NULL, NULL, NULL, '2025-11-14T09:29:00.000Z'),
  ('00000000-0000-0000-0000-000000000001', '20000000-0000-0000-0000-000000000001', '30000000-0000-0000-0000-000000000002', 'win', 'RANK', true, true, 1, NULL, NULL, NULL, '2025-11-14T13:28:00.000Z'),
  ('00000000-0000-0000-0000-000000000001', '20000000-0000-0000-0000-000000000001', '30000000-0000-0000-0000-00000000000b', 'win', 'DC', false, false, NULL, NULL, 240, '妨害踏み越えた', '2025-11-14T13:32:00.000Z'),
  ('00000000-0000-0000-0000-000000000001', '20000000-0000-0000-0000-000000000002', '30000000-0000-0000-0000-000000000015', 'win', 'DC', false, false, NULL, NULL, 149, NULL, '2025-11-15T09:05:00.000Z'),
  ('00000000-0000-0000-0000-000000000001', '20000000-0000-0000-0000-000000000002', '30000000-0000-0000-0000-00000000000b', 'win', 'DC', true, true, NULL, NULL, 679, NULL, '2025-11-15T12:00:00.000Z'),
  ('00000000-0000-0000-0000-000000000001', '20000000-0000-0000-0000-000000000001', '30000000-0000-0000-0000-00000000001f', 'loss', 'RATE', false, false, NULL, 1199, NULL, NULL, '2025-11-16T00:44:00.000Z'),
  ('00000000-0000-0000-0000-000000000001', '20000000-0000-0000-0000-000000000001', '30000000-0000-0000-0000-00000000000c', 'win', 'RANK', true, true, 15, NULL, NULL, NULL, '2025-11-16T01:29:00.000Z'),
  ('00000000-0000-0000-0000-000000000001', '20000000-0000-0000-0000-000000000002', '30000000-0000-0000-0000-000000000009', 'win', 'DC', true, true, NULL, NULL, 733, NULL, '2025-11-16T15:32:00.000Z'),
  ('00000000-0000-0000-0000-000000000001', '20000000-0000-0000-0000-000000000002', '30000000-0000-0000-0000-00000000000f', 'loss', 'EVENT', true, true, NULL, NULL, NULL, NULL, '2025-11-17T06:08:00.000Z'),
  ('00000000-0000-0000-0000-000000000001', '20000000-0000-0000-0000-000000000002', '30000000-0000-0000-0000-000000000001', 'win', 'RANK', false, false, 2, NULL, NULL, '妨害踏み越えた', '2025-11-17T11:15:00.000Z'),
  ('00000000-0000-0000-0000-000000000001', '20000000-0000-0000-0000-000000000001', '30000000-0000-0000-0000-000000000013', 'loss', 'RANK', false, false, 5, NULL, NULL, '手札事故', '2025-11-17T13:41:00.000Z'),
  ('00000000-0000-0000-0000-000000000001', '20000000-0000-0000-0000-000000000003', '30000000-0000-0000-0000-000000000004', 'loss', 'EVENT', false, false, NULL, NULL, NULL, NULL, '2025-11-18T00:54:00.000Z'),
  ('00000000-0000-0000-0000-000000000001', '20000000-0000-0000-0000-000000000002', '30000000-0000-0000-0000-00000000001f', 'loss', 'RANK', false, false, 9, NULL, NULL, NULL, '2025-11-18T09:21:00.000Z'),
  ('00000000-0000-0000-0000-000000000001', '20000000-0000-0000-0000-000000000001', '30000000-0000-0000-0000-00000000000c', 'loss', 'RANK', false, false, 1, NULL, NULL, NULL, '2025-11-18T12:39:00.000Z'),
  ('00000000-0000-0000-0000-000000000001', '20000000-0000-0000-0000-000000000001', '30000000-0000-0000-0000-00000000000b', 'loss', 'RATE', false, false, NULL, 1199, NULL, NULL, '2025-11-19T05:32:00.000Z'),
  ('00000000-0000-0000-0000-000000000001', '20000000-0000-0000-0000-000000000002', '30000000-0000-0000-0000-00000000001d', 'win', 'RANK', true, false, 1, NULL, NULL, NULL, '2025-11-20T02:03:00.000Z'),
  ('00000000-0000-0000-0000-000000000001', '20000000-0000-0000-0000-000000000004', '30000000-0000-0000-0000-000000000015', 'win', 'RATE', false, false, NULL, 1236, NULL, 'うらら通った', '2025-11-21T06:07:00.000Z'),
  ('00000000-0000-0000-0000-000000000001', '20000000-0000-0000-0000-000000000001', '30000000-0000-0000-0000-000000000015', 'win', 'RATE', true, true, NULL, 1250, NULL, NULL, '2025-11-21T06:11:00.000Z'),
  ('00000000-0000-0000-0000-000000000001', '20000000-0000-0000-0000-000000000005', '30000000-0000-0000-0000-000000000004', 'loss', 'RATE', true, true, NULL, 1190, NULL, '次元障壁きつい', '2025-11-21T10:33:00.000Z'),
  ('00000000-0000-0000-0000-000000000001', '20000000-0000-0000-0000-000000000002', '30000000-0000-0000-0000-000000000020', 'win', 'RANK', false, false, 3, NULL, NULL, NULL, '2025-11-21T13:08:00.000Z'),
  ('00000000-0000-0000-0000-000000000001', '20000000-0000-0000-0000-000000000002', '30000000-0000-0000-0000-000000000010', 'win', 'RANK', true, true, 18, NULL, NULL, NULL, '2025-11-22T02:22:00.000Z'),
  ('00000000-0000-0000-0000-000000000001', '20000000-0000-0000-0000-000000000001', '30000000-0000-0000-0000-00000000000e', 'win', 'RANK', true, true, 5, NULL, NULL, NULL, '2025-11-22T05:30:00.000Z'),
  ('00000000-0000-0000-0000-000000000001', '20000000-0000-0000-0000-000000000001', '30000000-0000-0000-0000-000000000014', 'win', 'RANK', true, true, 4, NULL, NULL, '相手投了', '2025-11-22T07:14:00.000Z'),
  ('00000000-0000-0000-0000-000000000001', '20000000-0000-0000-0000-000000000001', '30000000-0000-0000-0000-000000000009', 'win', 'RANK', false, false, 1, NULL, NULL, NULL, '2025-11-22T11:01:00.000Z'),
  ('00000000-0000-0000-0000-000000000001', '20000000-0000-0000-0000-000000000001', '30000000-0000-0000-0000-00000000000d', 'win', 'RANK', true, true, 6, NULL, NULL, NULL, '2025-11-22T12:14:00.000Z'),
  ('00000000-0000-0000-0000-000000000001', '20000000-0000-0000-0000-000000000002', '30000000-0000-0000-0000-00000000000e', 'win', 'DC', false, false, NULL, NULL, 361, '相手事故ってた', '2025-11-22T15:39:00.000Z'),
  ('00000000-0000-0000-0000-000000000001', '20000000-0000-0000-0000-000000000002', '30000000-0000-0000-0000-000000000010', 'loss', 'DC', false, false, NULL, NULL, 653, NULL, '2025-11-23T10:02:00.000Z'),
  ('00000000-0000-0000-0000-000000000001', '20000000-0000-0000-0000-000000000003', '30000000-0000-0000-0000-000000000011', 'loss', 'RANK', false, false, 12, NULL, NULL, NULL, '2025-11-23T10:43:00.000Z'),
  ('00000000-0000-0000-0000-000000000001', '20000000-0000-0000-0000-000000000003', '30000000-0000-0000-0000-000000000017', 'win', 'RATE', false, false, NULL, 1210, NULL, NULL, '2025-11-23T22:08:00.000Z'),
  ('00000000-0000-0000-0000-000000000001', '20000000-0000-0000-0000-000000000001', '30000000-0000-0000-0000-000000000011', 'win', 'RATE', false, false, NULL, 1226, NULL, NULL, '2025-11-24T04:51:00.000Z'),
  ('00000000-0000-0000-0000-000000000001', '20000000-0000-0000-0000-000000000002', '30000000-0000-0000-0000-000000000002', 'loss', 'RATE', false, false, NULL, 1182, NULL, NULL, '2025-11-25T01:10:00.000Z'),
  ('00000000-0000-0000-0000-000000000001', '20000000-0000-0000-0000-000000000001', '30000000-0000-0000-0000-00000000001e', 'loss', 'RANK', false, false, 10, NULL, NULL, NULL, '2025-11-25T21:19:00.000Z'),
  ('00000000-0000-0000-0000-000000000001', '20000000-0000-0000-0000-000000000001', '30000000-0000-0000-0000-00000000000d', 'win', 'RANK', true, true, 11, NULL, NULL, NULL, '2025-11-26T12:07:00.000Z'),
  ('00000000-0000-0000-0000-000000000001', '20000000-0000-0000-0000-000000000001', '30000000-0000-0000-0000-000000000016', 'win', 'EVENT', false, false, NULL, NULL, NULL, '早めに投了してくれた', '2025-11-27T01:12:00.000Z'),
  ('00000000-0000-0000-0000-000000000001', '20000000-0000-0000-0000-000000000001', '30000000-0000-0000-0000-000000000013', 'win', 'DC', false, false, NULL, NULL, 503, NULL, '2025-11-27T11:03:00.000Z'),
  ('00000000-0000-0000-0000-000000000001', '20000000-0000-0000-0000-000000000001', '30000000-0000-0000-0000-000000000006', 'loss', 'RATE', false, false, NULL, 1231, NULL, NULL, '2025-11-27T15:25:00.000Z'),
  ('00000000-0000-0000-0000-000000000001', '20000000-0000-0000-0000-000000000003', '30000000-0000-0000-0000-00000000001b', 'loss', 'RANK', true, true, 3, NULL, NULL, NULL, '2025-11-28T00:48:00.000Z'),
  ('00000000-0000-0000-0000-000000000001', '20000000-0000-0000-0000-000000000001', '30000000-0000-0000-0000-000000000016', 'win', 'RANK', true, true, 10, NULL, NULL, NULL, '2025-11-28T03:06:00.000Z'),
  ('00000000-0000-0000-0000-000000000001', '20000000-0000-0000-0000-000000000001', '30000000-0000-0000-0000-00000000000c', 'win', 'RANK', true, true, 17, NULL, NULL, NULL, '2025-11-28T04:11:00.000Z'),
  ('00000000-0000-0000-0000-000000000001', '20000000-0000-0000-0000-000000000001', '30000000-0000-0000-0000-000000000003', 'loss', 'RATE', true, true, NULL, 1210, NULL, NULL, '2025-11-28T06:55:00.000Z'),
  ('00000000-0000-0000-0000-000000000001', '20000000-0000-0000-0000-000000000002', '30000000-0000-0000-0000-000000000002', 'win', 'RANK', false, false, 16, NULL, NULL, NULL, '2025-11-28T14:35:00.000Z'),
  ('00000000-0000-0000-0000-000000000001', '20000000-0000-0000-0000-000000000002', '30000000-0000-0000-0000-00000000000d', 'win', 'RANK', false, false, 2, NULL, NULL, NULL, '2025-11-30T16:27:00.000Z'),
  ('00000000-0000-0000-0000-000000000001', '20000000-0000-0000-0000-000000000002', '30000000-0000-0000-0000-000000000007', 'win', 'RANK', true, true, 9, NULL, NULL, NULL, '2025-12-01T01:18:00.000Z'),
  ('00000000-0000-0000-0000-000000000001', '20000000-0000-0000-0000-000000000005', '30000000-0000-0000-0000-000000000013', 'loss', 'RATE', true, true, NULL, 1383, NULL, NULL, '2025-12-01T03:20:00.000Z'),
  ('00000000-0000-0000-0000-000000000001', '20000000-0000-0000-0000-000000000005', '30000000-0000-0000-0000-000000000020', 'win', 'RANK', true, true, 4, NULL, NULL, NULL, '2025-12-01T06:56:00.000Z'),
  ('00000000-0000-0000-0000-000000000001', '20000000-0000-0000-0000-000000000005', '30000000-0000-0000-0000-000000000006', 'win', 'EVENT', false, false, NULL, NULL, NULL, NULL, '2025-12-01T09:59:00.000Z'),
  ('00000000-0000-0000-0000-000000000001', '20000000-0000-0000-0000-000000000005', '30000000-0000-0000-0000-000000000014', 'win', 'RANK', false, true, 5, NULL, NULL, NULL, '2025-12-01T16:19:00.000Z'),
  ('00000000-0000-0000-0000-000000000001', '20000000-0000-0000-0000-000000000005', '30000000-0000-0000-0000-000000000012', 'win', 'EVENT', true, true, NULL, NULL, NULL, NULL, '2025-12-02T06:50:00.000Z'),
  ('00000000-0000-0000-0000-000000000001', '20000000-0000-0000-0000-000000000005', '30000000-0000-0000-0000-000000000004', 'loss', 'RATE', true, true, NULL, 1411, NULL, NULL, '2025-12-02T16:06:00.000Z'),
  ('00000000-0000-0000-0000-000000000001', '20000000-0000-0000-0000-000000000002', '30000000-0000-0000-0000-000000000011', 'win', 'EVENT', false, false, NULL, NULL, NULL, NULL, '2025-12-03T03:14:00.000Z'),
  ('00000000-0000-0000-0000-000000000001', '20000000-0000-0000-0000-000000000005', '30000000-0000-0000-0000-000000000011', 'loss', 'EVENT', false, false, NULL, NULL, NULL, NULL, '2025-12-03T07:08:00.000Z'),
  ('00000000-0000-0000-0000-000000000001', '20000000-0000-0000-0000-000000000005', '30000000-0000-0000-0000-00000000001c', 'win', 'DC', true, true, NULL, NULL, 292, NULL, '2025-12-03T14:27:00.000Z'),
  ('00000000-0000-0000-0000-000000000001', '20000000-0000-0000-0000-000000000005', '30000000-0000-0000-0000-000000000012', 'loss', 'EVENT', false, false, NULL, NULL, NULL, NULL, '2025-12-03T22:55:00.000Z'),
  ('00000000-0000-0000-0000-000000000001', '20000000-0000-0000-0000-000000000002', '30000000-0000-0000-0000-00000000001e', 'win', 'DC', true, true, NULL, NULL, 483, NULL, '2025-12-04T15:00:00.000Z'),
  ('00000000-0000-0000-0000-000000000001', '20000000-0000-0000-0000-000000000005', '30000000-0000-0000-0000-000000000016', 'loss', 'RANK', false, false, 10, NULL, NULL, NULL, '2025-12-04T16:13:00.000Z'),
  ('00000000-0000-0000-0000-000000000001', '20000000-0000-0000-0000-000000000005', '30000000-0000-0000-0000-000000000001', 'win', 'RANK', true, true, 11, NULL, NULL, NULL, '2025-12-04T21:17:00.000Z'),
  ('00000000-0000-0000-0000-000000000001', '20000000-0000-0000-0000-000000000005', '30000000-0000-0000-0000-000000000003', 'loss', 'RANK', true, true, 1, NULL, NULL, NULL, '2025-12-05T05:48:00.000Z'),
  ('00000000-0000-0000-0000-000000000001', '20000000-0000-0000-0000-000000000002', '30000000-0000-0000-0000-000000000015', 'win', 'RANK', false, false, 6, NULL, NULL, NULL, '2025-12-05T07:30:00.000Z'),
  ('00000000-0000-0000-0000-000000000001', '20000000-0000-0000-0000-000000000005', '30000000-0000-0000-0000-000000000013', 'win', 'RANK', true, false, 1, NULL, NULL, NULL, '2025-12-05T13:38:00.000Z'),
  ('00000000-0000-0000-0000-000000000001', '20000000-0000-0000-0000-000000000005', '30000000-0000-0000-0000-000000000013', 'win', 'EVENT', true, true, NULL, NULL, NULL, NULL, '2025-12-05T15:43:00.000Z'),
  ('00000000-0000-0000-0000-000000000001', '20000000-0000-0000-0000-000000000005', '30000000-0000-0000-0000-000000000003', 'loss', 'RATE', true, true, NULL, 1425, NULL, NULL, '2025-12-06T05:12:00.000Z'),
  ('00000000-0000-0000-0000-000000000001', '20000000-0000-0000-0000-000000000005', '30000000-0000-0000-0000-000000000015', 'loss', 'RANK', true, true, 6, NULL, NULL, '次元障壁きつい', '2025-12-06T07:24:00.000Z'),
  ('00000000-0000-0000-0000-000000000001', '20000000-0000-0000-0000-000000000005', '30000000-0000-0000-0000-000000000017', 'loss', 'EVENT', false, false, NULL, NULL, NULL, NULL, '2025-12-06T10:35:00.000Z'),
  ('00000000-0000-0000-0000-000000000001', '20000000-0000-0000-0000-000000000002', '30000000-0000-0000-0000-00000000000d', 'loss', 'RANK', true, true, 17, NULL, NULL, NULL, '2025-12-06T12:36:00.000Z'),
  ('00000000-0000-0000-0000-000000000001', '20000000-0000-0000-0000-000000000005', '30000000-0000-0000-0000-000000000003', 'win', 'RATE', true, true, NULL, 1427, NULL, NULL, '2025-12-06T16:09:00.000Z'),
  ('00000000-0000-0000-0000-000000000001', '20000000-0000-0000-0000-000000000005', '30000000-0000-0000-0000-000000000008', 'loss', 'DC', false, false, NULL, NULL, 745, NULL, '2025-12-06T21:15:00.000Z'),
  ('00000000-0000-0000-0000-000000000001', '20000000-0000-0000-0000-000000000002', '30000000-0000-0000-0000-00000000000c', 'loss', 'RANK', true, false, 2, NULL, NULL, NULL, '2025-12-07T07:30:00.000Z'),
  ('00000000-0000-0000-0000-000000000001', '20000000-0000-0000-0000-000000000005', '30000000-0000-0000-0000-000000000014', 'loss', 'RATE', true, true, NULL, 1390, NULL, NULL, '2025-12-07T10:53:00.000Z'),
  ('00000000-0000-0000-0000-000000000001', '20000000-0000-0000-0000-000000000005', '30000000-0000-0000-0000-000000000009', 'win', 'RANK', true, true, 1, NULL, NULL, '墓穴効いた', '2025-12-07T12:12:00.000Z'),
  ('00000000-0000-0000-0000-000000000001', '20000000-0000-0000-0000-000000000005', '30000000-0000-0000-0000-000000000008', 'win', 'RATE', false, false, NULL, 1366, NULL, NULL, '2025-12-07T22:46:00.000Z'),
  ('00000000-0000-0000-0000-000000000001', '20000000-0000-0000-0000-000000000002', '30000000-0000-0000-0000-000000000007', 'win', 'RANK', true, true, 5, NULL, NULL, NULL, '2025-12-08T02:54:00.000Z'),
  ('00000000-0000-0000-0000-000000000001', '20000000-0000-0000-0000-000000000005', '30000000-0000-0000-0000-000000000003', 'loss', 'RATE', true, true, NULL, 1364, NULL, NULL, '2025-12-08T04:08:00.000Z'),
  ('00000000-0000-0000-0000-000000000001', '20000000-0000-0000-0000-000000000005', '30000000-0000-0000-0000-000000000009', 'win', 'RANK', false, false, 1, NULL, NULL, NULL, '2025-12-08T10:22:00.000Z'),
  ('00000000-0000-0000-0000-000000000001', '20000000-0000-0000-0000-000000000005', '30000000-0000-0000-0000-000000000012', 'loss', 'RANK', false, false, 2, NULL, NULL, NULL, '2025-12-08T11:57:00.000Z'),
  ('00000000-0000-0000-0000-000000000001', '20000000-0000-0000-0000-000000000005', '30000000-0000-0000-0000-000000000006', 'win', 'RATE', true, true, NULL, 1375, NULL, 'レート+15', '2025-12-08T22:18:00.000Z'),
  ('00000000-0000-0000-0000-000000000001', '20000000-0000-0000-0000-000000000005', '30000000-0000-0000-0000-00000000001f', 'loss', 'RANK', false, false, 1, NULL, NULL, NULL, '2025-12-09T00:33:00.000Z'),
  ('00000000-0000-0000-0000-000000000001', '20000000-0000-0000-0000-000000000005', '30000000-0000-0000-0000-00000000001b', 'win', 'RANK', true, true, 2, NULL, NULL, NULL, '2025-12-09T02:30:00.000Z'),
  ('00000000-0000-0000-0000-000000000001', '20000000-0000-0000-0000-000000000005', '30000000-0000-0000-0000-000000000020', 'win', 'RANK', true, false, 1, NULL, NULL, NULL, '2025-12-09T03:06:00.000Z'),
  ('00000000-0000-0000-0000-000000000001', '20000000-0000-0000-0000-000000000002', '30000000-0000-0000-0000-000000000003', 'loss', 'RANK', false, false, 3, NULL, NULL, '展開途中で止められた', '2025-12-09T11:39:00.000Z'),
  ('00000000-0000-0000-0000-000000000001', '20000000-0000-0000-0000-000000000005', '30000000-0000-0000-0000-000000000002', 'win', 'DC', true, true, NULL, NULL, 158, NULL, '2025-12-09T12:54:00.000Z'),
  ('00000000-0000-0000-0000-000000000001', '20000000-0000-0000-0000-000000000005', '30000000-0000-0000-0000-00000000000e', 'win', 'EVENT', false, false, NULL, NULL, NULL, NULL, '2025-12-09T14:19:00.000Z'),
  ('00000000-0000-0000-0000-000000000001', '20000000-0000-0000-0000-000000000002', '30000000-0000-0000-0000-00000000001c', 'win', 'RANK', false, false, 1, NULL, NULL, NULL, '2025-12-09T21:59:00.000Z'),
  ('00000000-0000-0000-0000-000000000001', '20000000-0000-0000-0000-000000000002', '30000000-0000-0000-0000-00000000000f', 'loss', 'DC', false, false, NULL, NULL, 115, NULL, '2025-12-10T00:20:00.000Z'),
  ('00000000-0000-0000-0000-000000000001', '20000000-0000-0000-0000-000000000001', '30000000-0000-0000-0000-000000000006', 'loss', 'RATE', true, true, NULL, 1443, NULL, NULL, '2025-12-10T00:52:00.000Z'),
  ('00000000-0000-0000-0000-000000000001', '20000000-0000-0000-0000-000000000005', '30000000-0000-0000-0000-000000000006', 'loss', 'DC', true, true, NULL, NULL, 766, NULL, '2025-12-10T03:30:00.000Z'),
  ('00000000-0000-0000-0000-000000000001', '20000000-0000-0000-0000-000000000002', '30000000-0000-0000-0000-000000000008', 'loss', 'RANK', false, false, 16, NULL, NULL, NULL, '2025-12-10T13:11:00.000Z'),
  ('00000000-0000-0000-0000-000000000001', '20000000-0000-0000-0000-000000000002', '30000000-0000-0000-0000-000000000009', 'win', 'DC', false, false, NULL, NULL, 797, NULL, '2025-12-10T13:21:00.000Z'),
  ('00000000-0000-0000-0000-000000000001', '20000000-0000-0000-0000-000000000002', '30000000-0000-0000-0000-00000000000f', 'loss', 'RANK', true, false, 2, NULL, NULL, NULL, '2025-12-11T07:38:00.000Z'),
  ('00000000-0000-0000-0000-000000000001', '20000000-0000-0000-0000-000000000002', '30000000-0000-0000-0000-000000000020', 'win', 'DC', true, true, NULL, NULL, 652, NULL, '2025-12-11T15:53:00.000Z'),
  ('00000000-0000-0000-0000-000000000001', '20000000-0000-0000-0000-000000000002', '30000000-0000-0000-0000-000000000002', 'loss', 'EVENT', false, false, NULL, NULL, NULL, 'Gで止められた', '2025-12-11T16:33:00.000Z'),
  ('00000000-0000-0000-0000-000000000001', '20000000-0000-0000-0000-000000000005', '30000000-0000-0000-0000-000000000012', 'win', 'RANK', false, false, 1, NULL, NULL, NULL, '2025-12-12T06:08:00.000Z'),
  ('00000000-0000-0000-0000-000000000001', '20000000-0000-0000-0000-000000000005', '30000000-0000-0000-0000-000000000010', 'win', 'RANK', false, false, 15, NULL, NULL, '妨害踏み越えた', '2025-12-12T06:48:00.000Z'),
  ('00000000-0000-0000-0000-000000000001', '20000000-0000-0000-0000-000000000005', '30000000-0000-0000-0000-00000000000a', 'win', 'RANK', true, true, 10, NULL, NULL, NULL, '2025-12-12T07:42:00.000Z'),
  ('00000000-0000-0000-0000-000000000001', '20000000-0000-0000-0000-000000000003', '30000000-0000-0000-0000-000000000011', 'win', 'RANK', true, true, 14, NULL, NULL, NULL, '2025-12-12T13:26:00.000Z'),
  ('00000000-0000-0000-0000-000000000001', '20000000-0000-0000-0000-000000000005', '30000000-0000-0000-0000-00000000001a', 'win', 'RANK', true, false, 16, NULL, NULL, NULL, '2025-12-12T16:02:00.000Z'),
  ('00000000-0000-0000-0000-000000000001', '20000000-0000-0000-0000-000000000005', '30000000-0000-0000-0000-000000000010', 'win', 'RANK', true, false, 3, NULL, NULL, 'ギリギリ', '2025-12-13T01:30:00.000Z'),
  ('00000000-0000-0000-0000-000000000001', '20000000-0000-0000-0000-000000000005', '30000000-0000-0000-0000-00000000001b', 'loss', 'RANK', true, true, 2, NULL, NULL, NULL, '2025-12-13T02:41:00.000Z'),
  ('00000000-0000-0000-0000-000000000001', '20000000-0000-0000-0000-000000000004', '30000000-0000-0000-0000-000000000018', 'loss', 'RANK', false, false, 2, NULL, NULL, NULL, '2025-12-13T07:07:00.000Z'),
  ('00000000-0000-0000-0000-000000000001', '20000000-0000-0000-0000-000000000005', '30000000-0000-0000-0000-000000000002', 'win', 'RANK', true, true, 7, NULL, NULL, NULL, '2025-12-13T07:15:00.000Z'),
  ('00000000-0000-0000-0000-000000000001', '20000000-0000-0000-0000-000000000005', '30000000-0000-0000-0000-00000000000e', 'loss', 'RATE', true, true, NULL, 1372, NULL, NULL, '2025-12-13T07:18:00.000Z'),
  ('00000000-0000-0000-0000-000000000001', '20000000-0000-0000-0000-000000000002', '30000000-0000-0000-0000-00000000001a', 'loss', 'RATE', false, false, NULL, 1350, NULL, NULL, '2025-12-13T09:09:00.000Z'),
  ('00000000-0000-0000-0000-000000000001', '20000000-0000-0000-0000-000000000005', '30000000-0000-0000-0000-00000000001d', 'win', 'RANK', false, false, 17, NULL, NULL, NULL, '2025-12-13T13:47:00.000Z'),
  ('00000000-0000-0000-0000-000000000001', '20000000-0000-0000-0000-000000000005', '30000000-0000-0000-0000-00000000001d', 'win', 'RANK', false, true, 13, NULL, NULL, NULL, '2025-12-14T10:58:00.000Z'),
  ('00000000-0000-0000-0000-000000000001', '20000000-0000-0000-0000-000000000002', '30000000-0000-0000-0000-00000000000a', 'win', 'RANK', false, false, 8, NULL, NULL, NULL, '2025-12-15T10:46:00.000Z'),
  ('00000000-0000-0000-0000-000000000001', '20000000-0000-0000-0000-000000000005', '30000000-0000-0000-0000-000000000005', 'loss', 'RANK', false, false, 11, NULL, NULL, '時間切れ負け', '2025-12-16T02:25:00.000Z'),
  ('00000000-0000-0000-0000-000000000001', '20000000-0000-0000-0000-000000000002', '30000000-0000-0000-0000-000000000002', 'loss', 'RANK', false, false, 1, NULL, NULL, NULL, '2025-12-16T03:17:00.000Z'),
  ('00000000-0000-0000-0000-000000000001', '20000000-0000-0000-0000-000000000005', '30000000-0000-0000-0000-000000000017', 'loss', 'RATE', false, true, NULL, 1403, NULL, NULL, '2025-12-16T16:06:00.000Z'),
  ('00000000-0000-0000-0000-000000000001', '20000000-0000-0000-0000-000000000002', '30000000-0000-0000-0000-00000000001f', 'loss', 'RANK', false, false, 5, NULL, NULL, NULL, '2025-12-16T16:47:00.000Z'),
  ('00000000-0000-0000-0000-000000000001', '20000000-0000-0000-0000-000000000002', '30000000-0000-0000-0000-00000000000d', 'loss', 'RATE', false, false, NULL, 1353, NULL, '連敗止まらん', '2025-12-18T10:42:00.000Z'),
  ('00000000-0000-0000-0000-000000000001', '20000000-0000-0000-0000-000000000002', '30000000-0000-0000-0000-000000000005', 'win', 'EVENT', false, true, NULL, NULL, NULL, NULL, '2025-12-18T16:29:00.000Z'),
  ('00000000-0000-0000-0000-000000000001', '20000000-0000-0000-0000-000000000001', '30000000-0000-0000-0000-000000000006', 'win', 'EVENT', false, false, NULL, NULL, NULL, NULL, '2025-12-19T06:34:00.000Z'),
  ('00000000-0000-0000-0000-000000000001', '20000000-0000-0000-0000-000000000005', '30000000-0000-0000-0000-000000000008', 'loss', 'RATE', false, false, NULL, 1349, NULL, 'レート-18', '2025-12-19T13:10:00.000Z'),
  ('00000000-0000-0000-0000-000000000001', '20000000-0000-0000-0000-000000000003', '30000000-0000-0000-0000-000000000011', 'win', 'RANK', true, true, 1, NULL, NULL, NULL, '2025-12-19T14:01:00.000Z'),
  ('00000000-0000-0000-0000-000000000001', '20000000-0000-0000-0000-000000000002', '30000000-0000-0000-0000-00000000001e', 'loss', 'EVENT', false, false, NULL, NULL, NULL, NULL, '2025-12-19T21:40:00.000Z'),
  ('00000000-0000-0000-0000-000000000001', '20000000-0000-0000-0000-000000000005', '30000000-0000-0000-0000-00000000000d', 'loss', 'RANK', true, true, 2, NULL, NULL, NULL, '2025-12-19T22:24:00.000Z'),
  ('00000000-0000-0000-0000-000000000001', '20000000-0000-0000-0000-000000000005', '30000000-0000-0000-0000-000000000009', 'loss', 'RANK', false, false, 2, NULL, NULL, NULL, '2025-12-20T10:24:00.000Z'),
  ('00000000-0000-0000-0000-000000000001', '20000000-0000-0000-0000-000000000001', '30000000-0000-0000-0000-00000000000d', 'win', 'RATE', false, false, NULL, 1395, NULL, NULL, '2025-12-20T13:52:00.000Z'),
  ('00000000-0000-0000-0000-000000000001', '20000000-0000-0000-0000-000000000005', '30000000-0000-0000-0000-000000000019', 'loss', 'RANK', true, true, 16, NULL, NULL, NULL, '2025-12-22T02:50:00.000Z'),
  ('00000000-0000-0000-0000-000000000001', '20000000-0000-0000-0000-000000000005', '30000000-0000-0000-0000-00000000000e', 'loss', 'RANK', false, false, 12, NULL, NULL, NULL, '2025-12-22T03:01:00.000Z'),
  ('00000000-0000-0000-0000-000000000001', '20000000-0000-0000-0000-000000000005', '30000000-0000-0000-0000-000000000018', 'win', 'RATE', true, true, NULL, 1405, NULL, NULL, '2025-12-22T12:18:00.000Z'),
  ('00000000-0000-0000-0000-000000000001', '20000000-0000-0000-0000-000000000005', '30000000-0000-0000-0000-000000000017', 'loss', 'RANK', true, true, 5, NULL, NULL, '手札事故', '2025-12-23T03:12:00.000Z'),
  ('00000000-0000-0000-0000-000000000001', '20000000-0000-0000-0000-000000000005', '30000000-0000-0000-0000-00000000001b', 'loss', 'RANK', false, false, 1, NULL, NULL, 'ニビル食らった', '2025-12-24T12:21:00.000Z'),
  ('00000000-0000-0000-0000-000000000001', '20000000-0000-0000-0000-000000000005', '30000000-0000-0000-0000-000000000016', 'win', 'EVENT', true, true, NULL, NULL, NULL, '相手ドロー事故っぽい', '2025-12-24T14:10:00.000Z'),
  ('00000000-0000-0000-0000-000000000001', '20000000-0000-0000-0000-000000000002', '30000000-0000-0000-0000-00000000001d', 'loss', 'RATE', false, false, NULL, 1392, NULL, NULL, '2025-12-24T15:42:00.000Z'),
  ('00000000-0000-0000-0000-000000000001', '20000000-0000-0000-0000-000000000002', '30000000-0000-0000-0000-000000000016', 'loss', 'RANK', false, false, 1, NULL, NULL, NULL, '2025-12-24T16:14:00.000Z'),
  ('00000000-0000-0000-0000-000000000001', '20000000-0000-0000-0000-000000000005', '30000000-0000-0000-0000-00000000001b', 'loss', 'RANK', false, false, 5, NULL, NULL, NULL, '2025-12-25T02:34:00.000Z'),
  ('00000000-0000-0000-0000-000000000001', '20000000-0000-0000-0000-000000000005', '30000000-0000-0000-0000-000000000017', 'win', 'EVENT', false, false, NULL, NULL, NULL, NULL, '2025-12-25T11:34:00.000Z'),
  ('00000000-0000-0000-0000-000000000001', '20000000-0000-0000-0000-000000000005', '30000000-0000-0000-0000-000000000018', 'win', 'RANK', true, true, 1, NULL, NULL, NULL, '2025-12-25T14:04:00.000Z'),
  ('00000000-0000-0000-0000-000000000001', '20000000-0000-0000-0000-000000000002', '30000000-0000-0000-0000-000000000006', 'win', 'RANK', true, true, 12, NULL, NULL, NULL, '2025-12-26T06:49:00.000Z'),
  ('00000000-0000-0000-0000-000000000001', '20000000-0000-0000-0000-000000000002', '30000000-0000-0000-0000-00000000000e', 'loss', 'RANK', true, true, 2, NULL, NULL, '次元障壁きつい', '2025-12-26T10:55:00.000Z'),
  ('00000000-0000-0000-0000-000000000001', '20000000-0000-0000-0000-000000000002', '30000000-0000-0000-0000-000000000015', 'win', 'RANK', false, false, 4, NULL, NULL, '一滴で全処理', '2025-12-26T11:26:00.000Z'),
  ('00000000-0000-0000-0000-000000000001', '20000000-0000-0000-0000-000000000005', '30000000-0000-0000-0000-000000000005', 'win', 'RATE', false, false, NULL, 1383, NULL, NULL, '2025-12-26T16:58:00.000Z'),
  ('00000000-0000-0000-0000-000000000001', '20000000-0000-0000-0000-000000000005', '30000000-0000-0000-0000-00000000001e', 'win', 'EVENT', true, true, NULL, NULL, NULL, NULL, '2025-12-27T16:36:00.000Z'),
  ('00000000-0000-0000-0000-000000000001', '20000000-0000-0000-0000-000000000005', '30000000-0000-0000-0000-000000000006', 'win', 'RATE', false, false, NULL, 1483, NULL, NULL, '2025-12-28T09:53:00.000Z'),
  ('00000000-0000-0000-0000-000000000001', '20000000-0000-0000-0000-000000000003', '30000000-0000-0000-0000-000000000010', 'loss', 'RATE', true, true, NULL, 1458, NULL, NULL, '2025-12-28T10:21:00.000Z'),
  ('00000000-0000-0000-0000-000000000001', '20000000-0000-0000-0000-000000000002', '30000000-0000-0000-0000-000000000005', 'loss', 'DC', true, true, NULL, NULL, 0, NULL, '2025-12-28T12:29:00.000Z'),
  ('00000000-0000-0000-0000-000000000001', '20000000-0000-0000-0000-000000000002', '30000000-0000-0000-0000-00000000000b', 'win', 'RANK', false, false, 4, NULL, NULL, '早めに投了してくれた', '2025-12-31T21:51:00.000Z'),
  ('00000000-0000-0000-0000-000000000001', '20000000-0000-0000-0000-000000000005', '30000000-0000-0000-0000-000000000010', 'loss', 'RATE', false, false, NULL, 1516, NULL, 'ドロール食らった', '2026-01-01T16:44:00.000Z'),
  ('00000000-0000-0000-0000-000000000001', '20000000-0000-0000-0000-000000000002', '30000000-0000-0000-0000-00000000000e', 'win', 'EVENT', true, true, NULL, NULL, NULL, NULL, '2026-01-02T10:20:00.000Z'),
  ('00000000-0000-0000-0000-000000000001', '20000000-0000-0000-0000-000000000001', '30000000-0000-0000-0000-000000000009', 'win', 'RATE', false, false, NULL, 1492, NULL, NULL, '2026-01-02T14:05:00.000Z'),
  ('00000000-0000-0000-0000-000000000001', '20000000-0000-0000-0000-000000000002', '30000000-0000-0000-0000-000000000010', 'loss', 'DC', false, false, NULL, NULL, 50, NULL, '2026-01-02T14:49:00.000Z'),
  ('00000000-0000-0000-0000-000000000001', '20000000-0000-0000-0000-000000000001', '30000000-0000-0000-0000-000000000015', 'loss', 'RATE', false, false, NULL, 1535, NULL, NULL, '2026-01-02T16:23:00.000Z'),
  ('00000000-0000-0000-0000-000000000001', '20000000-0000-0000-0000-000000000002', '30000000-0000-0000-0000-000000000008', 'loss', 'RATE', false, false, NULL, 1446, NULL, '相手の盤面返せず', '2026-01-03T07:48:00.000Z'),
  ('00000000-0000-0000-0000-000000000001', '20000000-0000-0000-0000-000000000002', '30000000-0000-0000-0000-000000000009', 'loss', 'RATE', true, true, NULL, 1504, NULL, '先攻制圧された', '2026-01-03T12:36:00.000Z'),
  ('00000000-0000-0000-0000-000000000001', '20000000-0000-0000-0000-000000000001', '30000000-0000-0000-0000-000000000010', 'win', 'RANK', false, false, 3, NULL, NULL, '初手全ハンデス成功', '2026-01-03T16:43:00.000Z'),
  ('00000000-0000-0000-0000-000000000001', '20000000-0000-0000-0000-000000000001', '30000000-0000-0000-0000-00000000001f', 'loss', 'EVENT', true, true, NULL, NULL, NULL, NULL, '2026-01-04T08:04:00.000Z'),
  ('00000000-0000-0000-0000-000000000001', '20000000-0000-0000-0000-000000000002', '30000000-0000-0000-0000-000000000006', 'loss', 'RANK', false, false, 6, NULL, NULL, '手札0枚でターン返された', '2026-01-04T09:26:00.000Z'),
  ('00000000-0000-0000-0000-000000000001', '20000000-0000-0000-0000-000000000002', '30000000-0000-0000-0000-000000000007', 'loss', 'RANK', false, false, 6, NULL, NULL, NULL, '2026-01-04T13:33:00.000Z'),
  ('00000000-0000-0000-0000-000000000001', '20000000-0000-0000-0000-000000000002', '30000000-0000-0000-0000-000000000008', 'win', 'RANK', true, true, 1, NULL, NULL, NULL, '2026-01-05T13:57:00.000Z'),
  ('00000000-0000-0000-0000-000000000001', '20000000-0000-0000-0000-000000000001', '30000000-0000-0000-0000-000000000001', 'loss', 'EVENT', false, false, NULL, NULL, NULL, NULL, '2026-01-05T14:53:00.000Z'),
  ('00000000-0000-0000-0000-000000000001', '20000000-0000-0000-0000-000000000002', '30000000-0000-0000-0000-000000000013', 'loss', 'RANK', false, false, 1, NULL, NULL, NULL, '2026-01-06T02:06:00.000Z'),
  ('00000000-0000-0000-0000-000000000001', '20000000-0000-0000-0000-000000000002', '30000000-0000-0000-0000-000000000003', 'loss', 'RANK', false, false, 11, NULL, NULL, NULL, '2026-01-06T03:21:00.000Z'),
  ('00000000-0000-0000-0000-000000000001', '20000000-0000-0000-0000-000000000005', '30000000-0000-0000-0000-000000000007', 'win', 'RATE', false, false, NULL, 1513, NULL, NULL, '2026-01-06T05:51:00.000Z'),
  ('00000000-0000-0000-0000-000000000001', '20000000-0000-0000-0000-000000000001', '30000000-0000-0000-0000-000000000001', 'loss', 'RATE', true, true, NULL, 1436, NULL, 'ドロール食らった', '2026-01-06T07:24:00.000Z'),
  ('00000000-0000-0000-0000-000000000001', '20000000-0000-0000-0000-000000000004', '30000000-0000-0000-0000-00000000001c', 'win', 'RANK', true, true, 1, NULL, NULL, NULL, '2026-01-06T15:46:00.000Z'),
  ('00000000-0000-0000-0000-000000000001', '20000000-0000-0000-0000-000000000002', '30000000-0000-0000-0000-00000000001b', 'loss', 'RANK', false, false, 1, NULL, NULL, NULL, '2026-01-07T06:45:00.000Z'),
  ('00000000-0000-0000-0000-000000000001', '20000000-0000-0000-0000-000000000002', '30000000-0000-0000-0000-000000000020', 'loss', 'RANK', true, true, 11, NULL, NULL, NULL, '2026-01-07T15:46:00.000Z'),
  ('00000000-0000-0000-0000-000000000001', '20000000-0000-0000-0000-000000000002', '30000000-0000-0000-0000-00000000000c', 'loss', 'EVENT', true, true, NULL, NULL, NULL, NULL, '2026-01-07T21:59:00.000Z'),
  ('00000000-0000-0000-0000-000000000001', '20000000-0000-0000-0000-000000000001', '30000000-0000-0000-0000-000000000004', 'win', 'DC', false, false, NULL, NULL, 272, NULL, '2026-01-08T08:19:00.000Z'),
  ('00000000-0000-0000-0000-000000000001', '20000000-0000-0000-0000-000000000002', '30000000-0000-0000-0000-000000000006', 'win', 'RANK', true, true, 1, NULL, NULL, NULL, '2026-01-08T09:24:00.000Z'),
  ('00000000-0000-0000-0000-000000000001', '20000000-0000-0000-0000-000000000002', '30000000-0000-0000-0000-000000000018', 'win', 'RANK', true, true, 1, NULL, NULL, NULL, '2026-01-08T13:51:00.000Z'),
  ('00000000-0000-0000-0000-000000000001', '20000000-0000-0000-0000-000000000001', '30000000-0000-0000-0000-00000000000c', 'loss', 'RANK', false, false, 2, NULL, NULL, NULL, '2026-01-08T14:53:00.000Z'),
  ('00000000-0000-0000-0000-000000000001', '20000000-0000-0000-0000-000000000001', '30000000-0000-0000-0000-000000000002', 'win', 'RANK', true, true, 6, NULL, NULL, NULL, '2026-01-08T16:14:00.000Z'),
  ('00000000-0000-0000-0000-000000000001', '20000000-0000-0000-0000-000000000002', '30000000-0000-0000-0000-00000000000e', 'win', 'RANK', true, true, 10, NULL, NULL, NULL, '2026-01-09T03:35:00.000Z'),
  ('00000000-0000-0000-0000-000000000001', '20000000-0000-0000-0000-000000000002', '30000000-0000-0000-0000-000000000004', 'loss', 'RANK', true, true, 11, NULL, NULL, NULL, '2026-01-09T05:41:00.000Z'),
  ('00000000-0000-0000-0000-000000000001', '20000000-0000-0000-0000-000000000002', '30000000-0000-0000-0000-000000000016', 'win', 'RATE', true, true, NULL, 1554, NULL, NULL, '2026-01-09T08:20:00.000Z'),
  ('00000000-0000-0000-0000-000000000001', '20000000-0000-0000-0000-000000000002', '30000000-0000-0000-0000-00000000000c', 'loss', 'RANK', false, false, 7, NULL, NULL, NULL, '2026-01-09T08:50:00.000Z'),
  ('00000000-0000-0000-0000-000000000001', '20000000-0000-0000-0000-000000000001', '30000000-0000-0000-0000-000000000009', 'win', 'RANK', false, false, 1, NULL, NULL, NULL, '2026-01-09T15:39:00.000Z'),
  ('00000000-0000-0000-0000-000000000001', '20000000-0000-0000-0000-000000000001', '30000000-0000-0000-0000-000000000020', 'loss', 'EVENT', false, false, NULL, NULL, NULL, NULL, '2026-01-10T06:26:00.000Z'),
  ('00000000-0000-0000-0000-000000000001', '20000000-0000-0000-0000-000000000002', '30000000-0000-0000-0000-000000000011', 'win', 'RANK', true, true, 1, NULL, NULL, NULL, '2026-01-10T15:09:00.000Z'),
  ('00000000-0000-0000-0000-000000000001', '20000000-0000-0000-0000-000000000002', '30000000-0000-0000-0000-00000000001d', 'win', 'RANK', true, true, 11, NULL, NULL, '一滴で全処理', '2026-01-11T04:47:00.000Z'),
  ('00000000-0000-0000-0000-000000000001', '20000000-0000-0000-0000-000000000001', '30000000-0000-0000-0000-00000000000b', 'loss', 'RANK', true, true, 1, NULL, NULL, '事故った', '2026-01-11T22:53:00.000Z'),
  ('00000000-0000-0000-0000-000000000001', '20000000-0000-0000-0000-000000000001', '30000000-0000-0000-0000-00000000001f', 'win', 'RANK', false, false, 1, NULL, NULL, NULL, '2026-01-12T05:54:00.000Z'),
  ('00000000-0000-0000-0000-000000000001', '20000000-0000-0000-0000-000000000001', '30000000-0000-0000-0000-00000000000d', 'loss', 'RANK', true, true, 2, NULL, NULL, NULL, '2026-01-12T10:38:00.000Z'),
  ('00000000-0000-0000-0000-000000000001', '20000000-0000-0000-0000-000000000002', '30000000-0000-0000-0000-000000000012', 'win', 'DC', true, true, NULL, NULL, 449, '相手投了', '2026-01-13T08:35:00.000Z'),
  ('00000000-0000-0000-0000-000000000001', '20000000-0000-0000-0000-000000000002', '30000000-0000-0000-0000-000000000001', 'loss', 'RANK', true, true, 2, NULL, NULL, '手札誘発引けず', '2026-01-13T11:42:00.000Z'),
  ('00000000-0000-0000-0000-000000000001', '20000000-0000-0000-0000-000000000002', '30000000-0000-0000-0000-00000000001c', 'win', 'RANK', false, false, 7, NULL, NULL, '相手事故ってた', '2026-01-13T16:22:00.000Z'),
  ('00000000-0000-0000-0000-000000000001', '20000000-0000-0000-0000-000000000002', '30000000-0000-0000-0000-000000000009', 'win', 'RANK', false, false, 1, NULL, NULL, NULL, '2026-01-13T16:49:00.000Z'),
  ('00000000-0000-0000-0000-000000000001', '20000000-0000-0000-0000-000000000002', '30000000-0000-0000-0000-00000000001b', 'win', 'RANK', true, true, 2, NULL, NULL, 'Gで止まってくれた', '2026-01-14T02:40:00.000Z'),
  ('00000000-0000-0000-0000-000000000001', '20000000-0000-0000-0000-000000000002', '30000000-0000-0000-0000-000000000019', 'win', 'RANK', false, false, 1, NULL, NULL, NULL, '2026-01-14T12:26:00.000Z'),
  ('00000000-0000-0000-0000-000000000001', '20000000-0000-0000-0000-000000000001', '30000000-0000-0000-0000-00000000000e', 'loss', 'RANK', false, false, 11, NULL, NULL, NULL, '2026-01-15T03:04:00.000Z'),
  ('00000000-0000-0000-0000-000000000001', '20000000-0000-0000-0000-000000000002', '30000000-0000-0000-0000-000000000005', 'loss', 'RANK', true, true, 3, NULL, NULL, 'ニビル食らった', '2026-01-15T10:30:00.000Z'),
  ('00000000-0000-0000-0000-000000000001', '20000000-0000-0000-0000-000000000001', '30000000-0000-0000-0000-000000000020', 'win', 'RATE', true, true, NULL, 1533, NULL, 'レート+20', '2026-01-15T11:10:00.000Z'),
  ('00000000-0000-0000-0000-000000000001', '20000000-0000-0000-0000-000000000005', '30000000-0000-0000-0000-000000000008', 'loss', 'RANK', false, false, 6, NULL, NULL, NULL, '2026-01-15T13:33:00.000Z'),
  ('00000000-0000-0000-0000-000000000001', '20000000-0000-0000-0000-000000000002', '30000000-0000-0000-0000-000000000012', 'win', 'EVENT', true, true, NULL, NULL, NULL, '泡影で止めた', '2026-01-15T23:56:00.000Z'),
  ('00000000-0000-0000-0000-000000000001', '20000000-0000-0000-0000-000000000002', '30000000-0000-0000-0000-000000000020', 'win', 'RANK', false, false, 6, NULL, NULL, NULL, '2026-01-16T08:17:00.000Z'),
  ('00000000-0000-0000-0000-000000000001', '20000000-0000-0000-0000-000000000001', '30000000-0000-0000-0000-00000000001a', 'loss', 'RANK', true, true, 3, NULL, NULL, NULL, '2026-01-16T11:23:00.000Z'),
  ('00000000-0000-0000-0000-000000000001', '20000000-0000-0000-0000-000000000001', '30000000-0000-0000-0000-000000000005', 'win', 'RANK', true, true, 9, NULL, NULL, '一滴で全処理', '2026-01-16T16:22:00.000Z'),
  ('00000000-0000-0000-0000-000000000001', '20000000-0000-0000-0000-000000000001', '30000000-0000-0000-0000-00000000000f', 'win', 'EVENT', true, true, NULL, NULL, NULL, NULL, '2026-01-17T01:39:00.000Z'),
  ('00000000-0000-0000-0000-000000000001', '20000000-0000-0000-0000-000000000002', '30000000-0000-0000-0000-000000000018', 'win', 'RANK', true, true, 1, NULL, NULL, NULL, '2026-01-17T05:39:00.000Z'),
  ('00000000-0000-0000-0000-000000000001', '20000000-0000-0000-0000-000000000002', '30000000-0000-0000-0000-000000000017', 'loss', 'RANK', true, true, 1, NULL, NULL, NULL, '2026-01-17T09:12:00.000Z'),
  ('00000000-0000-0000-0000-000000000001', '20000000-0000-0000-0000-000000000002', '30000000-0000-0000-0000-000000000005', 'win', 'RANK', false, false, 5, NULL, NULL, NULL, '2026-01-18T03:28:00.000Z'),
  ('00000000-0000-0000-0000-000000000001', '20000000-0000-0000-0000-000000000002', '30000000-0000-0000-0000-000000000020', 'win', 'RANK', true, true, 1, NULL, NULL, NULL, '2026-01-18T10:33:00.000Z'),
  ('00000000-0000-0000-0000-000000000001', '20000000-0000-0000-0000-000000000001', '30000000-0000-0000-0000-000000000008', 'loss', 'RANK', false, false, 8, NULL, NULL, '墓穴で止められた', '2026-01-18T12:58:00.000Z'),
  ('00000000-0000-0000-0000-000000000001', '20000000-0000-0000-0000-000000000001', '30000000-0000-0000-0000-00000000000e', 'loss', 'RANK', true, true, 2, NULL, NULL, NULL, '2026-01-19T01:44:00.000Z'),
  ('00000000-0000-0000-0000-000000000001', '20000000-0000-0000-0000-000000000001', '30000000-0000-0000-0000-00000000000c', 'win', 'RANK', true, true, 5, NULL, NULL, 'トップ解決', '2026-01-19T06:07:00.000Z'),
  ('00000000-0000-0000-0000-000000000001', '20000000-0000-0000-0000-000000000001', '30000000-0000-0000-0000-000000000015', 'win', 'RANK', true, true, 1, NULL, NULL, 'ギリギリ', '2026-01-19T08:13:00.000Z'),
  ('00000000-0000-0000-0000-000000000001', '20000000-0000-0000-0000-000000000001', '30000000-0000-0000-0000-000000000003', 'loss', 'RANK', false, true, 6, NULL, NULL, NULL, '2026-01-19T08:40:00.000Z'),
  ('00000000-0000-0000-0000-000000000001', '20000000-0000-0000-0000-000000000001', '30000000-0000-0000-0000-00000000000a', 'win', 'RANK', true, true, 1, NULL, NULL, NULL, '2026-01-19T15:46:00.000Z'),
  ('00000000-0000-0000-0000-000000000001', '20000000-0000-0000-0000-000000000001', '30000000-0000-0000-0000-000000000003', 'win', 'RANK', true, true, 1, NULL, NULL, NULL, '2026-01-19T16:22:00.000Z'),
  ('00000000-0000-0000-0000-000000000001', '20000000-0000-0000-0000-000000000001', '30000000-0000-0000-0000-00000000000b', 'loss', 'EVENT', false, false, NULL, NULL, NULL, NULL, '2026-01-20T03:19:00.000Z'),
  ('00000000-0000-0000-0000-000000000001', '20000000-0000-0000-0000-000000000002', '30000000-0000-0000-0000-000000000010', 'win', 'RANK', false, false, 1, NULL, NULL, NULL, '2026-01-20T05:33:00.000Z'),
  ('00000000-0000-0000-0000-000000000001', '20000000-0000-0000-0000-000000000002', '30000000-0000-0000-0000-000000000006', 'win', 'RANK', false, false, 2, NULL, NULL, NULL, '2026-01-20T06:51:00.000Z'),
  ('00000000-0000-0000-0000-000000000001', '20000000-0000-0000-0000-000000000002', '30000000-0000-0000-0000-00000000001c', 'loss', 'RANK', false, false, 4, NULL, NULL, NULL, '2026-01-20T13:00:00.000Z'),
  ('00000000-0000-0000-0000-000000000001', '20000000-0000-0000-0000-000000000002', '30000000-0000-0000-0000-00000000000b', 'win', 'DC', true, true, NULL, NULL, 195, 'Gで止まってくれた', '2026-01-20T14:13:00.000Z'),
  ('00000000-0000-0000-0000-000000000001', '20000000-0000-0000-0000-000000000004', '30000000-0000-0000-0000-000000000012', 'win', 'RANK', false, false, 10, NULL, NULL, NULL, '2026-01-20T15:37:00.000Z'),
  ('00000000-0000-0000-0000-000000000001', '20000000-0000-0000-0000-000000000002', '30000000-0000-0000-0000-000000000001', 'win', 'RATE', false, false, NULL, 1532, NULL, NULL, '2026-01-20T16:37:00.000Z'),
  ('00000000-0000-0000-0000-000000000001', '20000000-0000-0000-0000-000000000002', '30000000-0000-0000-0000-000000000004', 'win', 'RANK', false, false, 2, NULL, NULL, NULL, '2026-01-21T04:42:00.000Z'),
  ('00000000-0000-0000-0000-000000000001', '20000000-0000-0000-0000-000000000002', '30000000-0000-0000-0000-000000000014', 'loss', 'RATE', true, true, NULL, 1515, NULL, NULL, '2026-01-21T08:37:00.000Z'),
  ('00000000-0000-0000-0000-000000000001', '20000000-0000-0000-0000-000000000001', '30000000-0000-0000-0000-000000000005', 'win', 'RANK', true, true, 1, NULL, NULL, NULL, '2026-01-21T13:22:00.000Z'),
  ('00000000-0000-0000-0000-000000000001', '20000000-0000-0000-0000-000000000004', '30000000-0000-0000-0000-000000000001', 'loss', 'RANK', false, false, 1, NULL, NULL, NULL, '2026-01-21T14:52:00.000Z'),
  ('00000000-0000-0000-0000-000000000001', '20000000-0000-0000-0000-000000000001', '30000000-0000-0000-0000-000000000002', 'loss', 'RANK', false, false, 1, NULL, NULL, NULL, '2026-01-21T16:20:00.000Z'),
  ('00000000-0000-0000-0000-000000000001', '20000000-0000-0000-0000-000000000002', '30000000-0000-0000-0000-000000000010', 'loss', 'DC', false, false, NULL, NULL, 0, NULL, '2026-01-21T22:11:00.000Z'),
  ('00000000-0000-0000-0000-000000000001', '20000000-0000-0000-0000-000000000001', '30000000-0000-0000-0000-00000000000a', 'win', 'RATE', false, true, NULL, 1499, NULL, 'ニビル刺さった', '2026-01-22T08:12:00.000Z'),
  ('00000000-0000-0000-0000-000000000001', '20000000-0000-0000-0000-000000000003', '30000000-0000-0000-0000-00000000001c', 'loss', 'RANK', false, false, 8, NULL, NULL, '手札0枚でターン返された', '2026-01-22T15:52:00.000Z'),
  ('00000000-0000-0000-0000-000000000001', '20000000-0000-0000-0000-000000000002', '30000000-0000-0000-0000-000000000008', 'loss', 'RATE', true, false, NULL, 1479, NULL, NULL, '2026-01-23T03:52:00.000Z'),
  ('00000000-0000-0000-0000-000000000001', '20000000-0000-0000-0000-000000000005', '30000000-0000-0000-0000-000000000006', 'loss', 'RANK', false, false, 6, NULL, NULL, NULL, '2026-01-23T10:54:00.000Z'),
  ('00000000-0000-0000-0000-000000000001', '20000000-0000-0000-0000-000000000001', '30000000-0000-0000-0000-000000000016', 'loss', 'EVENT', false, false, NULL, NULL, NULL, NULL, '2026-01-23T13:04:00.000Z'),
  ('00000000-0000-0000-0000-000000000001', '20000000-0000-0000-0000-000000000002', '30000000-0000-0000-0000-000000000015', 'loss', 'EVENT', false, false, NULL, NULL, NULL, '時間切れ負け', '2026-01-23T15:11:00.000Z'),
  ('00000000-0000-0000-0000-000000000001', '20000000-0000-0000-0000-000000000002', '30000000-0000-0000-0000-000000000017', 'win', 'RANK', false, false, 12, NULL, NULL, NULL, '2026-01-23T23:37:00.000Z'),
  ('00000000-0000-0000-0000-000000000001', '20000000-0000-0000-0000-000000000002', '30000000-0000-0000-0000-000000000018', 'loss', 'EVENT', false, false, NULL, NULL, NULL, NULL, '2026-01-24T03:46:00.000Z'),
  ('00000000-0000-0000-0000-000000000001', '20000000-0000-0000-0000-000000000001', '30000000-0000-0000-0000-000000000004', 'loss', 'RANK', true, true, 6, NULL, NULL, NULL, '2026-01-24T05:42:00.000Z'),
  ('00000000-0000-0000-0000-000000000001', '20000000-0000-0000-0000-000000000001', '30000000-0000-0000-0000-000000000003', 'win', 'RANK', false, false, 3, NULL, NULL, NULL, '2026-01-24T07:55:00.000Z'),
  ('00000000-0000-0000-0000-000000000001', '20000000-0000-0000-0000-000000000002', '30000000-0000-0000-0000-000000000019', 'loss', 'RANK', false, false, 1, NULL, NULL, NULL, '2026-01-24T13:55:00.000Z'),
  ('00000000-0000-0000-0000-000000000001', '20000000-0000-0000-0000-000000000002', '30000000-0000-0000-0000-000000000016', 'win', 'RANK', true, true, 8, NULL, NULL, NULL, '2026-01-24T15:20:00.000Z'),
  ('00000000-0000-0000-0000-000000000001', '20000000-0000-0000-0000-000000000002', '30000000-0000-0000-0000-000000000003', 'loss', 'RANK', true, true, 6, NULL, NULL, NULL, '2026-01-25T01:14:00.000Z'),
  ('00000000-0000-0000-0000-000000000001', '20000000-0000-0000-0000-000000000002', '30000000-0000-0000-0000-000000000010', 'loss', 'DC', false, false, NULL, NULL, 0, NULL, '2026-01-25T08:46:00.000Z'),
  ('00000000-0000-0000-0000-000000000001', '20000000-0000-0000-0000-000000000002', '30000000-0000-0000-0000-000000000008', 'win', 'DC', false, false, NULL, NULL, 87, 'うらら通った', '2026-01-25T12:00:00.000Z'),
  ('00000000-0000-0000-0000-000000000001', '20000000-0000-0000-0000-000000000001', '30000000-0000-0000-0000-000000000020', 'win', 'RANK', false, false, 7, NULL, NULL, NULL, '2026-01-26T09:43:00.000Z'),
  ('00000000-0000-0000-0000-000000000001', '20000000-0000-0000-0000-000000000002', '30000000-0000-0000-0000-00000000001c', 'win', 'RANK', true, true, 1, NULL, NULL, NULL, '2026-01-26T16:28:00.000Z'),
  ('00000000-0000-0000-0000-000000000001', '20000000-0000-0000-0000-000000000001', '30000000-0000-0000-0000-00000000001f', 'loss', 'RANK', true, true, 1, NULL, NULL, NULL, '2026-01-27T11:27:00.000Z'),
  ('00000000-0000-0000-0000-000000000001', '20000000-0000-0000-0000-000000000002', '30000000-0000-0000-0000-000000000008', 'win', 'RATE', false, false, NULL, 1457, NULL, NULL, '2026-01-27T12:52:00.000Z'),
  ('00000000-0000-0000-0000-000000000001', '20000000-0000-0000-0000-000000000002', '30000000-0000-0000-0000-000000000016', 'win', 'RANK', true, false, 1, NULL, NULL, NULL, '2026-01-27T14:57:00.000Z'),
  ('00000000-0000-0000-0000-000000000001', '20000000-0000-0000-0000-000000000002', '30000000-0000-0000-0000-000000000003', 'loss', 'RANK', false, false, 6, NULL, NULL, NULL, '2026-01-28T04:16:00.000Z'),
  ('00000000-0000-0000-0000-000000000001', '20000000-0000-0000-0000-000000000002', '30000000-0000-0000-0000-000000000009', 'win', 'RATE', false, false, NULL, 1478, NULL, 'レート+15', '2026-01-28T09:52:00.000Z');

-- Summary:
--   Player decks: 5
--   Opponent decks: 32
--   Total duels: 272
--   RANK: 159
--   RATE: 53
--   EVENT: 34
--   DC: 26
--   Win rate: 52.6%
