-- ============================================================
-- Dummy data generated from ygo-grimoire themes
-- Generated at: 2026-02-01T09:59:48.184Z
-- ============================================================

-- ============================================================
-- User: testuser (admin + debugger)
-- Email: test@example.com / Password: password123
-- ============================================================

-- Clean existing data for this user
DELETE FROM public.duels WHERE user_id = '00000000-0000-0000-0000-000000000001';
DELETE FROM public.decks WHERE user_id = '00000000-0000-0000-0000-000000000001';
DELETE FROM public.users WHERE id = '00000000-0000-0000-0000-000000000001';
DELETE FROM auth.identities WHERE user_id = '00000000-0000-0000-0000-000000000001';
DELETE FROM auth.users WHERE id = '00000000-0000-0000-0000-000000000001';

-- Auth user
INSERT INTO auth.users (
  id, instance_id, aud, role, email, encrypted_password,
  email_confirmed_at, created_at, updated_at,
  confirmation_token, recovery_token,
  email_change, email_change_token_new, email_change_token_current,
  phone_change, phone_change_token,
  reauthentication_token,
  raw_app_meta_data, raw_user_meta_data
) VALUES (
  '00000000-0000-0000-0000-000000000001',
  '00000000-0000-0000-0000-000000000000',
  'authenticated', 'authenticated',
  'test@example.com',
  crypt('password123', gen_salt('bf')),
  now(), now(), now(),
  '', '', '', '', '', '', '', '',
  '{"provider": "email", "providers": ["email"]}',
  '{"display_name": "testuser"}'
);

-- Auth identity
INSERT INTO auth.identities (
  id, user_id, provider_id, provider, identity_data, last_sign_in_at, created_at, updated_at
) VALUES (
  '00000000-0000-0000-0000-000000000001',
  '00000000-0000-0000-0000-000000000001',
  '00000000-0000-0000-0000-000000000001',
  'email',
  jsonb_build_object('sub', '00000000-0000-0000-0000-000000000001', 'email', 'test@example.com'),
  now(), now(), now()
);

-- App user (admin + debugger)
INSERT INTO public.users (id, email, display_name, is_admin, is_debugger)
VALUES ('00000000-0000-0000-0000-000000000001', 'test@example.com', 'testuser', true, true);

-- Decks (player + opponent)
INSERT INTO public.decks (id, user_id, name, is_opponent_deck, active) VALUES
  ('20000000-0000-0000-0000-000000000001', '00000000-0000-0000-0000-000000000001', 'ユベル', false, true),
  ('20000000-0000-0000-0000-000000000002', '00000000-0000-0000-0000-000000000001', 'M∀LICE', false, true),
  ('20000000-0000-0000-0000-000000000003', '00000000-0000-0000-0000-000000000001', 'スネークアイ', false, true),
  ('20000000-0000-0000-0000-000000000004', '00000000-0000-0000-0000-000000000001', 'ピュアリィ', false, true),
  ('30000000-0000-0000-0000-000000000001', '00000000-0000-0000-0000-000000000001', '天威', true, true),
  ('30000000-0000-0000-0000-000000000002', '00000000-0000-0000-0000-000000000001', 'ユベル', true, true),
  ('30000000-0000-0000-0000-000000000003', '00000000-0000-0000-0000-000000000001', 'サンダー・ドラゴン', true, true),
  ('30000000-0000-0000-0000-000000000004', '00000000-0000-0000-0000-000000000001', 'ドラグニティ', true, true),
  ('30000000-0000-0000-0000-000000000005', '00000000-0000-0000-0000-000000000001', 'ヌーベルズ', true, true),
  ('30000000-0000-0000-0000-000000000006', '00000000-0000-0000-0000-000000000001', 'ライゼオル', true, true),
  ('30000000-0000-0000-0000-000000000007', '00000000-0000-0000-0000-000000000001', 'ゴーティス', true, true),
  ('30000000-0000-0000-0000-000000000008', '00000000-0000-0000-0000-000000000001', 'ふわんだりぃず', true, true),
  ('30000000-0000-0000-0000-000000000009', '00000000-0000-0000-0000-000000000001', 'セフィラ', true, true),
  ('30000000-0000-0000-0000-00000000000a', '00000000-0000-0000-0000-000000000001', 'ブルーアイズ', true, true),
  ('30000000-0000-0000-0000-00000000000b', '00000000-0000-0000-0000-000000000001', '幻影騎士団', true, true),
  ('30000000-0000-0000-0000-00000000000c', '00000000-0000-0000-0000-000000000001', 'R－ACE', true, true),
  ('30000000-0000-0000-0000-00000000000d', '00000000-0000-0000-0000-000000000001', '蟲惑魔', true, true),
  ('30000000-0000-0000-0000-00000000000e', '00000000-0000-0000-0000-000000000001', '斬機', true, true),
  ('30000000-0000-0000-0000-00000000000f', '00000000-0000-0000-0000-000000000001', '妖仙獣', true, true),
  ('30000000-0000-0000-0000-000000000010', '00000000-0000-0000-0000-000000000001', '烙印', true, true),
  ('30000000-0000-0000-0000-000000000011', '00000000-0000-0000-0000-000000000001', '超重武者', true, true),
  ('30000000-0000-0000-0000-000000000012', '00000000-0000-0000-0000-000000000001', 'デモンスミス', true, true),
  ('30000000-0000-0000-0000-000000000013', '00000000-0000-0000-0000-000000000001', 'マテリアクトル', true, true),
  ('30000000-0000-0000-0000-000000000014', '00000000-0000-0000-0000-000000000001', 'ピュアリィ', true, true),
  ('30000000-0000-0000-0000-000000000015', '00000000-0000-0000-0000-000000000001', 'ブラック・マジシャン', true, true),
  ('30000000-0000-0000-0000-000000000016', '00000000-0000-0000-0000-000000000001', 'ラビュリンス', true, true),
  ('30000000-0000-0000-0000-000000000017', '00000000-0000-0000-0000-000000000001', 'クシャトリラ', true, true),
  ('30000000-0000-0000-0000-000000000018', '00000000-0000-0000-0000-000000000001', 'ドラゴンメイド', true, true),
  ('30000000-0000-0000-0000-000000000019', '00000000-0000-0000-0000-000000000001', '粛声', true, true);

-- Duels (294 records across 3 months)
INSERT INTO public.duels (user_id, deck_id, opponent_deck_id, result, game_mode, is_first, won_coin_toss, rank, rate_value, dc_value, memo, dueled_at) VALUES
  ('00000000-0000-0000-0000-000000000001', '20000000-0000-0000-0000-000000000002', '30000000-0000-0000-0000-000000000007', 'win', 'RANK', false, false, 2, NULL, NULL, NULL, '2025-11-30T16:24:00.000Z'),
  ('00000000-0000-0000-0000-000000000001', '20000000-0000-0000-0000-000000000003', '30000000-0000-0000-0000-000000000012', 'win', 'RANK', false, false, 9, NULL, NULL, NULL, '2025-12-01T12:22:00.000Z'),
  ('00000000-0000-0000-0000-000000000001', '20000000-0000-0000-0000-000000000004', '30000000-0000-0000-0000-000000000011', 'loss', 'DC', true, true, NULL, NULL, 116, '時間切れ負け', '2025-12-01T12:52:00.000Z'),
  ('00000000-0000-0000-0000-000000000001', '20000000-0000-0000-0000-000000000002', '30000000-0000-0000-0000-000000000008', 'loss', 'EVENT', false, false, NULL, NULL, NULL, NULL, '2025-12-02T02:53:00.000Z'),
  ('00000000-0000-0000-0000-000000000001', '20000000-0000-0000-0000-000000000002', '30000000-0000-0000-0000-000000000010', 'loss', 'RANK', true, true, 10, NULL, NULL, '事故った', '2025-12-02T07:34:00.000Z'),
  ('00000000-0000-0000-0000-000000000001', '20000000-0000-0000-0000-000000000002', '30000000-0000-0000-0000-000000000019', 'win', 'RANK', true, true, 11, NULL, NULL, NULL, '2025-12-03T00:18:00.000Z'),
  ('00000000-0000-0000-0000-000000000001', '20000000-0000-0000-0000-000000000004', '30000000-0000-0000-0000-000000000009', 'loss', 'EVENT', false, false, NULL, NULL, NULL, NULL, '2025-12-03T06:33:00.000Z'),
  ('00000000-0000-0000-0000-000000000001', '20000000-0000-0000-0000-000000000002', '30000000-0000-0000-0000-000000000013', 'loss', 'RATE', false, false, NULL, 1341, NULL, NULL, '2025-12-03T16:28:00.000Z'),
  ('00000000-0000-0000-0000-000000000001', '20000000-0000-0000-0000-000000000002', '30000000-0000-0000-0000-000000000004', 'loss', 'RATE', true, true, NULL, 1308, NULL, NULL, '2025-12-04T11:34:00.000Z'),
  ('00000000-0000-0000-0000-000000000001', '20000000-0000-0000-0000-000000000002', '30000000-0000-0000-0000-000000000018', 'loss', 'RANK', false, false, 9, NULL, NULL, NULL, '2025-12-04T14:30:00.000Z'),
  ('00000000-0000-0000-0000-000000000001', '20000000-0000-0000-0000-000000000002', '30000000-0000-0000-0000-00000000000d', 'loss', 'EVENT', false, false, NULL, NULL, NULL, NULL, '2025-12-04T16:25:00.000Z'),
  ('00000000-0000-0000-0000-000000000001', '20000000-0000-0000-0000-000000000002', '30000000-0000-0000-0000-000000000004', 'loss', 'EVENT', false, false, NULL, NULL, NULL, NULL, '2025-12-04T21:56:00.000Z'),
  ('00000000-0000-0000-0000-000000000001', '20000000-0000-0000-0000-000000000002', '30000000-0000-0000-0000-000000000017', 'loss', 'RANK', false, false, 3, NULL, NULL, NULL, '2025-12-05T09:58:00.000Z'),
  ('00000000-0000-0000-0000-000000000001', '20000000-0000-0000-0000-000000000002', '30000000-0000-0000-0000-000000000008', 'win', 'RANK', true, true, 6, NULL, NULL, NULL, '2025-12-05T13:34:00.000Z'),
  ('00000000-0000-0000-0000-000000000001', '20000000-0000-0000-0000-000000000004', '30000000-0000-0000-0000-000000000005', 'loss', 'RATE', false, false, NULL, 1323, NULL, NULL, '2025-12-05T13:58:00.000Z'),
  ('00000000-0000-0000-0000-000000000001', '20000000-0000-0000-0000-000000000002', '30000000-0000-0000-0000-00000000000b', 'win', 'RANK', false, false, 4, NULL, NULL, NULL, '2025-12-05T15:05:00.000Z'),
  ('00000000-0000-0000-0000-000000000001', '20000000-0000-0000-0000-000000000004', '30000000-0000-0000-0000-000000000012', 'win', 'EVENT', true, true, NULL, NULL, NULL, NULL, '2025-12-06T08:33:00.000Z'),
  ('00000000-0000-0000-0000-000000000001', '20000000-0000-0000-0000-000000000004', '30000000-0000-0000-0000-00000000000c', 'win', 'EVENT', false, false, NULL, NULL, NULL, '後手ワンキル成功', '2025-12-07T00:07:00.000Z'),
  ('00000000-0000-0000-0000-000000000001', '20000000-0000-0000-0000-000000000004', '30000000-0000-0000-0000-00000000000e', 'win', 'EVENT', false, false, NULL, NULL, NULL, 'うさぎ通って助かった', '2025-12-07T08:17:00.000Z'),
  ('00000000-0000-0000-0000-000000000001', '20000000-0000-0000-0000-000000000004', '30000000-0000-0000-0000-000000000006', 'win', 'RANK', true, true, 7, NULL, NULL, NULL, '2025-12-07T22:05:00.000Z'),
  ('00000000-0000-0000-0000-000000000001', '20000000-0000-0000-0000-000000000002', '30000000-0000-0000-0000-000000000007', 'loss', 'RANK', false, false, 7, NULL, NULL, '相手の盤面返せず', '2025-12-08T00:54:00.000Z'),
  ('00000000-0000-0000-0000-000000000001', '20000000-0000-0000-0000-000000000004', '30000000-0000-0000-0000-00000000000d', 'win', 'RATE', true, true, NULL, 1323, NULL, NULL, '2025-12-08T02:52:00.000Z'),
  ('00000000-0000-0000-0000-000000000001', '20000000-0000-0000-0000-000000000004', '30000000-0000-0000-0000-000000000007', 'win', 'EVENT', true, true, NULL, NULL, NULL, NULL, '2025-12-08T06:08:00.000Z'),
  ('00000000-0000-0000-0000-000000000001', '20000000-0000-0000-0000-000000000002', '30000000-0000-0000-0000-000000000004', 'win', 'RANK', true, true, 9, NULL, NULL, NULL, '2025-12-08T13:33:00.000Z'),
  ('00000000-0000-0000-0000-000000000001', '20000000-0000-0000-0000-000000000002', '30000000-0000-0000-0000-000000000009', 'win', 'RANK', false, false, 3, NULL, NULL, NULL, '2025-12-09T02:01:00.000Z'),
  ('00000000-0000-0000-0000-000000000001', '20000000-0000-0000-0000-000000000001', '30000000-0000-0000-0000-000000000012', 'loss', 'RANK', false, false, 10, NULL, NULL, NULL, '2025-12-09T10:10:00.000Z'),
  ('00000000-0000-0000-0000-000000000001', '20000000-0000-0000-0000-000000000002', '30000000-0000-0000-0000-00000000000c', 'loss', 'RANK', true, true, 1, NULL, NULL, NULL, '2025-12-09T11:56:00.000Z'),
  ('00000000-0000-0000-0000-000000000001', '20000000-0000-0000-0000-000000000002', '30000000-0000-0000-0000-00000000000a', 'loss', 'RATE', false, false, NULL, 1352, NULL, NULL, '2025-12-09T14:35:00.000Z'),
  ('00000000-0000-0000-0000-000000000001', '20000000-0000-0000-0000-000000000004', '30000000-0000-0000-0000-000000000010', 'loss', 'EVENT', true, true, NULL, NULL, NULL, NULL, '2025-12-10T06:04:00.000Z'),
  ('00000000-0000-0000-0000-000000000001', '20000000-0000-0000-0000-000000000002', '30000000-0000-0000-0000-000000000012', 'loss', 'RATE', true, true, NULL, 1298, NULL, '勝てる気がしなかった', '2025-12-10T07:05:00.000Z'),
  ('00000000-0000-0000-0000-000000000001', '20000000-0000-0000-0000-000000000002', '30000000-0000-0000-0000-00000000000a', 'loss', 'RATE', false, false, NULL, 1352, NULL, NULL, '2025-12-10T11:03:00.000Z'),
  ('00000000-0000-0000-0000-000000000001', '20000000-0000-0000-0000-000000000002', '30000000-0000-0000-0000-000000000019', 'loss', 'RANK', false, false, 9, NULL, NULL, NULL, '2025-12-10T12:07:00.000Z'),
  ('00000000-0000-0000-0000-000000000001', '20000000-0000-0000-0000-000000000002', '30000000-0000-0000-0000-000000000004', 'win', 'RANK', true, true, 13, NULL, NULL, NULL, '2025-12-10T15:16:00.000Z'),
  ('00000000-0000-0000-0000-000000000001', '20000000-0000-0000-0000-000000000002', '30000000-0000-0000-0000-000000000002', 'loss', 'RANK', true, true, 9, NULL, NULL, '展開途中で止められた', '2025-12-10T15:18:00.000Z'),
  ('00000000-0000-0000-0000-000000000001', '20000000-0000-0000-0000-000000000004', '30000000-0000-0000-0000-000000000014', 'loss', 'RANK', false, false, 3, NULL, NULL, NULL, '2025-12-11T09:10:00.000Z'),
  ('00000000-0000-0000-0000-000000000001', '20000000-0000-0000-0000-000000000002', '30000000-0000-0000-0000-000000000007', 'loss', 'EVENT', true, true, NULL, NULL, NULL, '初手弱すぎ', '2025-12-11T12:36:00.000Z'),
  ('00000000-0000-0000-0000-000000000001', '20000000-0000-0000-0000-000000000004', '30000000-0000-0000-0000-000000000004', 'win', 'RATE', false, false, NULL, 1443, NULL, NULL, '2025-12-11T14:58:00.000Z'),
  ('00000000-0000-0000-0000-000000000001', '20000000-0000-0000-0000-000000000004', '30000000-0000-0000-0000-000000000006', 'win', 'RANK', true, true, 1, NULL, NULL, 'ギリギリ', '2025-12-12T13:56:00.000Z'),
  ('00000000-0000-0000-0000-000000000001', '20000000-0000-0000-0000-000000000004', '30000000-0000-0000-0000-00000000000e', 'win', 'RANK', true, true, 1, NULL, NULL, NULL, '2025-12-12T15:45:00.000Z'),
  ('00000000-0000-0000-0000-000000000001', '20000000-0000-0000-0000-000000000002', '30000000-0000-0000-0000-00000000000c', 'win', 'RANK', false, false, 1, NULL, NULL, NULL, '2025-12-12T16:15:00.000Z'),
  ('00000000-0000-0000-0000-000000000001', '20000000-0000-0000-0000-000000000002', '30000000-0000-0000-0000-00000000000f', 'win', 'RANK', true, true, 10, NULL, NULL, NULL, '2025-12-13T15:00:00.000Z'),
  ('00000000-0000-0000-0000-000000000001', '20000000-0000-0000-0000-000000000002', '30000000-0000-0000-0000-00000000000e', 'loss', 'RATE', false, false, NULL, 1375, NULL, NULL, '2025-12-14T01:02:00.000Z'),
  ('00000000-0000-0000-0000-000000000001', '20000000-0000-0000-0000-000000000002', '30000000-0000-0000-0000-000000000003', 'loss', 'RATE', true, true, NULL, 1280, NULL, NULL, '2025-12-14T11:54:00.000Z'),
  ('00000000-0000-0000-0000-000000000001', '20000000-0000-0000-0000-000000000002', '30000000-0000-0000-0000-000000000007', 'loss', 'RANK', false, false, 9, NULL, NULL, '操作ミスで負けた', '2025-12-14T15:24:00.000Z'),
  ('00000000-0000-0000-0000-000000000001', '20000000-0000-0000-0000-000000000004', '30000000-0000-0000-0000-000000000002', 'win', 'RANK', false, false, 8, NULL, NULL, NULL, '2025-12-14T22:15:00.000Z'),
  ('00000000-0000-0000-0000-000000000001', '20000000-0000-0000-0000-000000000002', '30000000-0000-0000-0000-000000000005', 'loss', 'RANK', true, true, 1, NULL, NULL, '墓穴で止められた', '2025-12-15T01:33:00.000Z'),
  ('00000000-0000-0000-0000-000000000001', '20000000-0000-0000-0000-000000000004', '30000000-0000-0000-0000-000000000019', 'win', 'RANK', true, true, 2, NULL, NULL, NULL, '2025-12-15T06:30:00.000Z'),
  ('00000000-0000-0000-0000-000000000001', '20000000-0000-0000-0000-000000000002', '30000000-0000-0000-0000-00000000000c', 'win', 'EVENT', true, true, NULL, NULL, NULL, NULL, '2025-12-15T10:19:00.000Z'),
  ('00000000-0000-0000-0000-000000000001', '20000000-0000-0000-0000-000000000002', '30000000-0000-0000-0000-000000000018', 'win', 'RANK', false, false, 5, NULL, NULL, NULL, '2025-12-15T12:31:00.000Z'),
  ('00000000-0000-0000-0000-000000000001', '20000000-0000-0000-0000-000000000003', '30000000-0000-0000-0000-000000000011', 'loss', 'RANK', true, true, 3, NULL, NULL, '事故った', '2025-12-15T16:56:00.000Z'),
  ('00000000-0000-0000-0000-000000000001', '20000000-0000-0000-0000-000000000002', '30000000-0000-0000-0000-000000000015', 'win', 'RANK', true, true, 1, NULL, NULL, '展開通った', '2025-12-16T03:08:00.000Z'),
  ('00000000-0000-0000-0000-000000000001', '20000000-0000-0000-0000-000000000003', '30000000-0000-0000-0000-000000000003', 'loss', 'RANK', false, false, 17, NULL, NULL, NULL, '2025-12-16T09:10:00.000Z'),
  ('00000000-0000-0000-0000-000000000001', '20000000-0000-0000-0000-000000000002', '30000000-0000-0000-0000-000000000013', 'win', 'EVENT', true, true, NULL, NULL, NULL, NULL, '2025-12-16T09:49:00.000Z'),
  ('00000000-0000-0000-0000-000000000001', '20000000-0000-0000-0000-000000000002', '30000000-0000-0000-0000-00000000000e', 'loss', 'RANK', true, true, 11, NULL, NULL, '初手弱すぎ', '2025-12-16T13:38:00.000Z'),
  ('00000000-0000-0000-0000-000000000001', '20000000-0000-0000-0000-000000000004', '30000000-0000-0000-0000-00000000000a', 'loss', 'RANK', true, true, 11, NULL, NULL, NULL, '2025-12-16T14:18:00.000Z'),
  ('00000000-0000-0000-0000-000000000001', '20000000-0000-0000-0000-000000000002', '30000000-0000-0000-0000-000000000016', 'loss', 'RANK', true, true, 10, NULL, NULL, NULL, '2025-12-16T14:59:00.000Z'),
  ('00000000-0000-0000-0000-000000000001', '20000000-0000-0000-0000-000000000002', '30000000-0000-0000-0000-000000000007', 'loss', 'EVENT', false, false, NULL, NULL, NULL, NULL, '2025-12-16T15:12:00.000Z'),
  ('00000000-0000-0000-0000-000000000001', '20000000-0000-0000-0000-000000000002', '30000000-0000-0000-0000-000000000009', 'loss', 'EVENT', false, false, NULL, NULL, NULL, NULL, '2025-12-17T05:23:00.000Z'),
  ('00000000-0000-0000-0000-000000000001', '20000000-0000-0000-0000-000000000004', '30000000-0000-0000-0000-00000000000e', 'loss', 'RANK', false, false, 11, NULL, NULL, NULL, '2025-12-17T12:42:00.000Z'),
  ('00000000-0000-0000-0000-000000000001', '20000000-0000-0000-0000-000000000002', '30000000-0000-0000-0000-000000000003', 'win', 'RANK', true, true, 6, NULL, NULL, NULL, '2025-12-17T12:52:00.000Z'),
  ('00000000-0000-0000-0000-000000000001', '20000000-0000-0000-0000-000000000002', '30000000-0000-0000-0000-000000000006', 'loss', 'RATE', false, false, NULL, 1430, NULL, NULL, '2025-12-17T13:47:00.000Z'),
  ('00000000-0000-0000-0000-000000000001', '20000000-0000-0000-0000-000000000001', '30000000-0000-0000-0000-000000000015', 'loss', 'RANK', false, false, 1, NULL, NULL, NULL, '2025-12-17T21:34:00.000Z'),
  ('00000000-0000-0000-0000-000000000001', '20000000-0000-0000-0000-000000000002', '30000000-0000-0000-0000-00000000000d', 'loss', 'RANK', false, false, 10, NULL, NULL, NULL, '2025-12-18T07:15:00.000Z'),
  ('00000000-0000-0000-0000-000000000001', '20000000-0000-0000-0000-000000000002', '30000000-0000-0000-0000-000000000014', 'loss', 'RANK', false, false, 14, NULL, NULL, NULL, '2025-12-18T09:47:00.000Z'),
  ('00000000-0000-0000-0000-000000000001', '20000000-0000-0000-0000-000000000002', '30000000-0000-0000-0000-000000000006', 'win', 'RANK', true, true, 1, NULL, NULL, NULL, '2025-12-19T01:56:00.000Z'),
  ('00000000-0000-0000-0000-000000000001', '20000000-0000-0000-0000-000000000002', '30000000-0000-0000-0000-000000000006', 'win', 'RATE', true, true, NULL, 1314, NULL, NULL, '2025-12-19T07:58:00.000Z'),
  ('00000000-0000-0000-0000-000000000001', '20000000-0000-0000-0000-000000000004', '30000000-0000-0000-0000-00000000000e', 'win', 'DC', false, false, NULL, NULL, 193, NULL, '2025-12-19T11:17:00.000Z'),
  ('00000000-0000-0000-0000-000000000001', '20000000-0000-0000-0000-000000000002', '30000000-0000-0000-0000-000000000005', 'loss', 'RANK', false, false, 1, NULL, NULL, '手札誘発引けず', '2025-12-20T11:18:00.000Z'),
  ('00000000-0000-0000-0000-000000000001', '20000000-0000-0000-0000-000000000004', '30000000-0000-0000-0000-000000000013', 'win', 'RANK', false, false, 1, NULL, NULL, NULL, '2025-12-20T14:24:00.000Z'),
  ('00000000-0000-0000-0000-000000000001', '20000000-0000-0000-0000-000000000002', '30000000-0000-0000-0000-00000000000b', 'loss', 'RATE', false, false, NULL, 1264, NULL, NULL, '2025-12-20T14:42:00.000Z'),
  ('00000000-0000-0000-0000-000000000001', '20000000-0000-0000-0000-000000000002', '30000000-0000-0000-0000-00000000000b', 'win', 'RATE', true, true, NULL, 1376, NULL, NULL, '2025-12-20T16:28:00.000Z'),
  ('00000000-0000-0000-0000-000000000001', '20000000-0000-0000-0000-000000000002', '30000000-0000-0000-0000-000000000007', 'win', 'EVENT', false, false, NULL, NULL, NULL, NULL, '2025-12-20T16:50:00.000Z'),
  ('00000000-0000-0000-0000-000000000001', '20000000-0000-0000-0000-000000000004', '30000000-0000-0000-0000-00000000000d', 'loss', 'RANK', false, false, 11, NULL, NULL, NULL, '2025-12-20T21:31:00.000Z'),
  ('00000000-0000-0000-0000-000000000001', '20000000-0000-0000-0000-000000000004', '30000000-0000-0000-0000-00000000000a', 'loss', 'RATE', true, true, NULL, 1431, NULL, NULL, '2025-12-21T09:40:00.000Z'),
  ('00000000-0000-0000-0000-000000000001', '20000000-0000-0000-0000-000000000002', '30000000-0000-0000-0000-000000000011', 'loss', 'RANK', false, false, 10, NULL, NULL, NULL, '2025-12-22T00:01:00.000Z'),
  ('00000000-0000-0000-0000-000000000001', '20000000-0000-0000-0000-000000000004', '30000000-0000-0000-0000-000000000010', 'loss', 'RATE', false, false, NULL, 1405, NULL, NULL, '2025-12-22T09:44:00.000Z'),
  ('00000000-0000-0000-0000-000000000001', '20000000-0000-0000-0000-000000000002', '30000000-0000-0000-0000-000000000017', 'loss', 'RANK', true, true, 3, NULL, NULL, NULL, '2025-12-22T11:01:00.000Z'),
  ('00000000-0000-0000-0000-000000000001', '20000000-0000-0000-0000-000000000004', '30000000-0000-0000-0000-00000000000a', 'win', 'RANK', false, false, 10, NULL, NULL, NULL, '2025-12-22T11:58:00.000Z'),
  ('00000000-0000-0000-0000-000000000001', '20000000-0000-0000-0000-000000000004', '30000000-0000-0000-0000-000000000019', 'win', 'RANK', true, true, 12, NULL, NULL, '完封', '2025-12-22T12:43:00.000Z'),
  ('00000000-0000-0000-0000-000000000001', '20000000-0000-0000-0000-000000000004', '30000000-0000-0000-0000-00000000000a', 'loss', 'RANK', false, false, 10, NULL, NULL, NULL, '2025-12-22T16:07:00.000Z'),
  ('00000000-0000-0000-0000-000000000001', '20000000-0000-0000-0000-000000000002', '30000000-0000-0000-0000-000000000016', 'loss', 'RANK', true, true, 2, NULL, NULL, '妨害多すぎ', '2025-12-23T12:31:00.000Z'),
  ('00000000-0000-0000-0000-000000000001', '20000000-0000-0000-0000-000000000004', '30000000-0000-0000-0000-000000000007', 'win', 'RANK', false, false, 9, NULL, NULL, NULL, '2025-12-24T04:08:00.000Z'),
  ('00000000-0000-0000-0000-000000000001', '20000000-0000-0000-0000-000000000002', '30000000-0000-0000-0000-00000000000b', 'win', 'DC', true, true, NULL, NULL, 139, '墓穴効いた', '2025-12-24T06:32:00.000Z'),
  ('00000000-0000-0000-0000-000000000001', '20000000-0000-0000-0000-000000000002', '30000000-0000-0000-0000-000000000015', 'loss', 'RATE', true, true, NULL, 1300, NULL, NULL, '2025-12-24T08:23:00.000Z'),
  ('00000000-0000-0000-0000-000000000001', '20000000-0000-0000-0000-000000000002', '30000000-0000-0000-0000-000000000015', 'loss', 'RANK', true, true, 1, NULL, NULL, NULL, '2025-12-24T14:24:00.000Z'),
  ('00000000-0000-0000-0000-000000000001', '20000000-0000-0000-0000-000000000004', '30000000-0000-0000-0000-000000000002', 'win', 'RANK', true, true, 10, NULL, NULL, NULL, '2025-12-24T16:57:00.000Z'),
  ('00000000-0000-0000-0000-000000000001', '20000000-0000-0000-0000-000000000001', '30000000-0000-0000-0000-000000000019', 'win', 'DC', false, false, NULL, NULL, 64, '妨害踏み越えた', '2025-12-25T07:50:00.000Z'),
  ('00000000-0000-0000-0000-000000000001', '20000000-0000-0000-0000-000000000002', '30000000-0000-0000-0000-000000000005', 'loss', 'RANK', false, false, 10, NULL, NULL, NULL, '2025-12-26T03:38:00.000Z'),
  ('00000000-0000-0000-0000-000000000001', '20000000-0000-0000-0000-000000000002', '30000000-0000-0000-0000-000000000003', 'win', 'EVENT', false, false, NULL, NULL, NULL, NULL, '2025-12-26T06:46:00.000Z'),
  ('00000000-0000-0000-0000-000000000001', '20000000-0000-0000-0000-000000000002', '30000000-0000-0000-0000-000000000004', 'win', 'RANK', true, true, 14, NULL, NULL, NULL, '2025-12-26T12:35:00.000Z'),
  ('00000000-0000-0000-0000-000000000001', '20000000-0000-0000-0000-000000000002', '30000000-0000-0000-0000-000000000017', 'win', 'RANK', false, true, 10, NULL, NULL, NULL, '2025-12-26T13:27:00.000Z'),
  ('00000000-0000-0000-0000-000000000001', '20000000-0000-0000-0000-000000000004', '30000000-0000-0000-0000-000000000007', 'win', 'RANK', true, true, 16, NULL, NULL, NULL, '2025-12-27T06:59:00.000Z'),
  ('00000000-0000-0000-0000-000000000001', '20000000-0000-0000-0000-000000000004', '30000000-0000-0000-0000-00000000000e', 'win', 'RANK', true, true, 1, NULL, NULL, '一滴で全処理', '2025-12-27T12:24:00.000Z'),
  ('00000000-0000-0000-0000-000000000001', '20000000-0000-0000-0000-000000000002', '30000000-0000-0000-0000-00000000000c', 'loss', 'RANK', true, true, 2, NULL, NULL, NULL, '2025-12-27T14:55:00.000Z'),
  ('00000000-0000-0000-0000-000000000001', '20000000-0000-0000-0000-000000000002', '30000000-0000-0000-0000-000000000008', 'win', 'RANK', false, false, 15, NULL, NULL, NULL, '2025-12-27T15:07:00.000Z'),
  ('00000000-0000-0000-0000-000000000001', '20000000-0000-0000-0000-000000000002', '30000000-0000-0000-0000-000000000013', 'loss', 'EVENT', true, true, NULL, NULL, NULL, NULL, '2025-12-28T01:57:00.000Z'),
  ('00000000-0000-0000-0000-000000000001', '20000000-0000-0000-0000-000000000002', '30000000-0000-0000-0000-000000000010', 'win', 'RANK', true, true, 9, NULL, NULL, NULL, '2025-12-28T05:27:00.000Z'),
  ('00000000-0000-0000-0000-000000000001', '20000000-0000-0000-0000-000000000004', '30000000-0000-0000-0000-000000000001', 'loss', 'RATE', false, true, NULL, 1387, NULL, NULL, '2025-12-28T13:35:00.000Z'),
  ('00000000-0000-0000-0000-000000000001', '20000000-0000-0000-0000-000000000002', '30000000-0000-0000-0000-00000000000d', 'loss', 'RANK', true, true, 8, NULL, NULL, NULL, '2025-12-28T14:09:00.000Z'),
  ('00000000-0000-0000-0000-000000000001', '20000000-0000-0000-0000-000000000002', '30000000-0000-0000-0000-000000000017', 'win', 'RANK', true, false, 12, NULL, NULL, 'うさぎ通って助かった', '2025-12-31T22:08:00.000Z'),
  ('00000000-0000-0000-0000-000000000001', '20000000-0000-0000-0000-000000000002', '30000000-0000-0000-0000-000000000016', 'loss', 'RANK', false, false, 12, NULL, NULL, NULL, '2026-01-01T02:00:00.000Z'),
  ('00000000-0000-0000-0000-000000000001', '20000000-0000-0000-0000-000000000002', '30000000-0000-0000-0000-00000000000d', 'win', 'DC', false, false, NULL, NULL, 172, 'ギリギリ', '2026-01-01T02:15:00.000Z'),
  ('00000000-0000-0000-0000-000000000001', '20000000-0000-0000-0000-000000000002', '30000000-0000-0000-0000-000000000001', 'loss', 'EVENT', true, true, NULL, NULL, NULL, NULL, '2026-01-02T07:18:00.000Z'),
  ('00000000-0000-0000-0000-000000000001', '20000000-0000-0000-0000-000000000004', '30000000-0000-0000-0000-00000000000c', 'loss', 'RANK', false, false, 15, NULL, NULL, NULL, '2026-01-02T08:18:00.000Z'),
  ('00000000-0000-0000-0000-000000000001', '20000000-0000-0000-0000-000000000004', '30000000-0000-0000-0000-000000000003', 'loss', 'EVENT', false, true, NULL, NULL, NULL, NULL, '2026-01-02T10:28:00.000Z'),
  ('00000000-0000-0000-0000-000000000001', '20000000-0000-0000-0000-000000000004', '30000000-0000-0000-0000-000000000013', 'win', 'RANK', true, true, 3, NULL, NULL, '早めに投了してくれた', '2026-01-02T14:55:00.000Z'),
  ('00000000-0000-0000-0000-000000000001', '20000000-0000-0000-0000-000000000002', '30000000-0000-0000-0000-000000000012', 'win', 'RATE', false, false, NULL, 1483, NULL, NULL, '2026-01-02T22:19:00.000Z'),
  ('00000000-0000-0000-0000-000000000001', '20000000-0000-0000-0000-000000000003', '30000000-0000-0000-0000-000000000008', 'win', 'RATE', true, true, NULL, 1522, NULL, '連勝中', '2026-01-03T03:43:00.000Z'),
  ('00000000-0000-0000-0000-000000000001', '20000000-0000-0000-0000-000000000004', '30000000-0000-0000-0000-000000000018', 'win', 'RANK', false, false, 14, NULL, NULL, NULL, '2026-01-03T15:36:00.000Z'),
  ('00000000-0000-0000-0000-000000000001', '20000000-0000-0000-0000-000000000003', '30000000-0000-0000-0000-00000000000b', 'win', 'RANK', false, false, 12, NULL, NULL, NULL, '2026-01-03T15:51:00.000Z'),
  ('00000000-0000-0000-0000-000000000001', '20000000-0000-0000-0000-000000000002', '30000000-0000-0000-0000-000000000011', 'loss', 'RANK', true, true, 12, NULL, NULL, NULL, '2026-01-04T06:07:00.000Z'),
  ('00000000-0000-0000-0000-000000000001', '20000000-0000-0000-0000-000000000004', '30000000-0000-0000-0000-000000000002', 'win', 'RANK', true, true, 13, NULL, NULL, NULL, '2026-01-04T12:17:00.000Z'),
  ('00000000-0000-0000-0000-000000000001', '20000000-0000-0000-0000-000000000002', '30000000-0000-0000-0000-000000000015', 'loss', 'RANK', false, false, 5, NULL, NULL, NULL, '2026-01-05T04:36:00.000Z'),
  ('00000000-0000-0000-0000-000000000001', '20000000-0000-0000-0000-000000000003', '30000000-0000-0000-0000-00000000000c', 'loss', 'RANK', false, false, 9, NULL, NULL, NULL, '2026-01-05T05:19:00.000Z'),
  ('00000000-0000-0000-0000-000000000001', '20000000-0000-0000-0000-000000000002', '30000000-0000-0000-0000-00000000000e', 'loss', 'RANK', true, true, 3, NULL, NULL, 'サレンダー', '2026-01-05T08:58:00.000Z'),
  ('00000000-0000-0000-0000-000000000001', '20000000-0000-0000-0000-000000000002', '30000000-0000-0000-0000-000000000016', 'win', 'RANK', false, false, 10, NULL, NULL, NULL, '2026-01-05T09:04:00.000Z'),
  ('00000000-0000-0000-0000-000000000001', '20000000-0000-0000-0000-000000000004', '30000000-0000-0000-0000-000000000019', 'win', 'EVENT', false, false, NULL, NULL, NULL, NULL, '2026-01-05T09:48:00.000Z'),
  ('00000000-0000-0000-0000-000000000001', '20000000-0000-0000-0000-000000000004', '30000000-0000-0000-0000-000000000019', 'loss', 'EVENT', true, true, NULL, NULL, NULL, NULL, '2026-01-05T15:57:00.000Z'),
  ('00000000-0000-0000-0000-000000000001', '20000000-0000-0000-0000-000000000002', '30000000-0000-0000-0000-000000000011', 'loss', 'RATE', false, false, NULL, 1503, NULL, NULL, '2026-01-05T16:24:00.000Z'),
  ('00000000-0000-0000-0000-000000000001', '20000000-0000-0000-0000-000000000002', '30000000-0000-0000-0000-00000000000d', 'loss', 'RANK', false, false, 4, NULL, NULL, NULL, '2026-01-06T09:24:00.000Z'),
  ('00000000-0000-0000-0000-000000000001', '20000000-0000-0000-0000-000000000002', '30000000-0000-0000-0000-000000000006', 'loss', 'RANK', false, false, 8, NULL, NULL, NULL, '2026-01-06T09:47:00.000Z'),
  ('00000000-0000-0000-0000-000000000001', '20000000-0000-0000-0000-000000000004', '30000000-0000-0000-0000-00000000000a', 'win', 'RANK', false, false, 7, NULL, NULL, 'うさぎ通って助かった', '2026-01-06T15:14:00.000Z'),
  ('00000000-0000-0000-0000-000000000001', '20000000-0000-0000-0000-000000000002', '30000000-0000-0000-0000-00000000000e', 'loss', 'RANK', true, true, 4, NULL, NULL, NULL, '2026-01-06T15:14:00.000Z'),
  ('00000000-0000-0000-0000-000000000001', '20000000-0000-0000-0000-000000000002', '30000000-0000-0000-0000-000000000003', 'loss', 'RATE', false, false, NULL, 1494, NULL, '手札0枚でターン返された', '2026-01-06T15:15:00.000Z'),
  ('00000000-0000-0000-0000-000000000001', '20000000-0000-0000-0000-000000000002', '30000000-0000-0000-0000-000000000009', 'loss', 'RANK', true, true, 6, NULL, NULL, '初手弱すぎ', '2026-01-06T16:13:00.000Z'),
  ('00000000-0000-0000-0000-000000000001', '20000000-0000-0000-0000-000000000004', '30000000-0000-0000-0000-000000000009', 'loss', 'RATE', true, true, NULL, 1513, NULL, NULL, '2026-01-07T08:06:00.000Z'),
  ('00000000-0000-0000-0000-000000000001', '20000000-0000-0000-0000-000000000001', '30000000-0000-0000-0000-000000000011', 'loss', 'RANK', false, false, 5, NULL, NULL, NULL, '2026-01-07T09:07:00.000Z'),
  ('00000000-0000-0000-0000-000000000001', '20000000-0000-0000-0000-000000000001', '30000000-0000-0000-0000-000000000003', 'win', 'RANK', false, false, 11, NULL, NULL, NULL, '2026-01-07T15:45:00.000Z'),
  ('00000000-0000-0000-0000-000000000001', '20000000-0000-0000-0000-000000000004', '30000000-0000-0000-0000-000000000019', 'win', 'EVENT', true, true, NULL, NULL, NULL, NULL, '2026-01-08T02:41:00.000Z'),
  ('00000000-0000-0000-0000-000000000001', '20000000-0000-0000-0000-000000000002', '30000000-0000-0000-0000-000000000016', 'loss', 'RANK', false, true, 5, NULL, NULL, NULL, '2026-01-08T12:53:00.000Z'),
  ('00000000-0000-0000-0000-000000000001', '20000000-0000-0000-0000-000000000002', '30000000-0000-0000-0000-000000000014', 'win', 'RANK', true, true, 9, NULL, NULL, '盤面返せた', '2026-01-08T15:18:00.000Z'),
  ('00000000-0000-0000-0000-000000000001', '20000000-0000-0000-0000-000000000004', '30000000-0000-0000-0000-000000000007', 'loss', 'RANK', false, false, 4, NULL, NULL, NULL, '2026-01-09T04:26:00.000Z'),
  ('00000000-0000-0000-0000-000000000001', '20000000-0000-0000-0000-000000000002', '30000000-0000-0000-0000-00000000000c', 'win', 'EVENT', true, true, NULL, NULL, NULL, NULL, '2026-01-09T08:41:00.000Z'),
  ('00000000-0000-0000-0000-000000000001', '20000000-0000-0000-0000-000000000004', '30000000-0000-0000-0000-000000000013', 'win', 'RANK', true, true, 4, NULL, NULL, 'アクセスコード通った', '2026-01-09T15:29:00.000Z'),
  ('00000000-0000-0000-0000-000000000001', '20000000-0000-0000-0000-000000000004', '30000000-0000-0000-0000-00000000000b', 'win', 'RANK', true, true, 8, NULL, NULL, NULL, '2026-01-09T16:06:00.000Z'),
  ('00000000-0000-0000-0000-000000000001', '20000000-0000-0000-0000-000000000004', '30000000-0000-0000-0000-000000000016', 'win', 'EVENT', true, true, NULL, NULL, NULL, NULL, '2026-01-09T16:29:00.000Z'),
  ('00000000-0000-0000-0000-000000000001', '20000000-0000-0000-0000-000000000002', '30000000-0000-0000-0000-00000000000b', 'loss', 'DC', false, false, NULL, NULL, 0, NULL, '2026-01-10T01:24:00.000Z'),
  ('00000000-0000-0000-0000-000000000001', '20000000-0000-0000-0000-000000000002', '30000000-0000-0000-0000-000000000015', 'loss', 'EVENT', true, false, NULL, NULL, NULL, NULL, '2026-01-10T04:54:00.000Z'),
  ('00000000-0000-0000-0000-000000000001', '20000000-0000-0000-0000-000000000002', '30000000-0000-0000-0000-000000000004', 'loss', 'RANK', false, false, 14, NULL, NULL, NULL, '2026-01-10T10:30:00.000Z'),
  ('00000000-0000-0000-0000-000000000001', '20000000-0000-0000-0000-000000000002', '30000000-0000-0000-0000-00000000000a', 'loss', 'RANK', false, false, 4, NULL, NULL, NULL, '2026-01-10T10:42:00.000Z'),
  ('00000000-0000-0000-0000-000000000001', '20000000-0000-0000-0000-000000000004', '30000000-0000-0000-0000-000000000002', 'win', 'RANK', true, true, 12, NULL, NULL, NULL, '2026-01-10T10:43:00.000Z'),
  ('00000000-0000-0000-0000-000000000001', '20000000-0000-0000-0000-000000000002', '30000000-0000-0000-0000-000000000014', 'win', 'RATE', true, true, NULL, 1461, NULL, NULL, '2026-01-10T11:53:00.000Z'),
  ('00000000-0000-0000-0000-000000000001', '20000000-0000-0000-0000-000000000004', '30000000-0000-0000-0000-000000000008', 'loss', 'RANK', false, false, 8, NULL, NULL, NULL, '2026-01-11T02:38:00.000Z'),
  ('00000000-0000-0000-0000-000000000001', '20000000-0000-0000-0000-000000000002', '30000000-0000-0000-0000-00000000000e', 'win', 'RATE', true, true, NULL, 1476, NULL, NULL, '2026-01-11T02:54:00.000Z'),
  ('00000000-0000-0000-0000-000000000001', '20000000-0000-0000-0000-000000000004', '30000000-0000-0000-0000-000000000005', 'loss', 'DC', true, true, NULL, NULL, 0, NULL, '2026-01-11T07:21:00.000Z'),
  ('00000000-0000-0000-0000-000000000001', '20000000-0000-0000-0000-000000000004', '30000000-0000-0000-0000-00000000000f', 'win', 'EVENT', false, false, NULL, NULL, NULL, NULL, '2026-01-11T08:38:00.000Z'),
  ('00000000-0000-0000-0000-000000000001', '20000000-0000-0000-0000-000000000002', '30000000-0000-0000-0000-000000000010', 'loss', 'RANK', true, true, 13, NULL, NULL, NULL, '2026-01-12T12:13:00.000Z'),
  ('00000000-0000-0000-0000-000000000001', '20000000-0000-0000-0000-000000000004', '30000000-0000-0000-0000-000000000019', 'win', 'RANK', true, true, 6, NULL, NULL, NULL, '2026-01-12T13:26:00.000Z'),
  ('00000000-0000-0000-0000-000000000001', '20000000-0000-0000-0000-000000000002', '30000000-0000-0000-0000-000000000012', 'loss', 'RANK', true, true, 14, NULL, NULL, NULL, '2026-01-12T14:20:00.000Z'),
  ('00000000-0000-0000-0000-000000000001', '20000000-0000-0000-0000-000000000002', '30000000-0000-0000-0000-00000000000a', 'win', 'RANK', true, true, 1, NULL, NULL, NULL, '2026-01-12T14:42:00.000Z'),
  ('00000000-0000-0000-0000-000000000001', '20000000-0000-0000-0000-000000000004', '30000000-0000-0000-0000-000000000013', 'win', 'EVENT', false, false, NULL, NULL, NULL, NULL, '2026-01-12T14:50:00.000Z'),
  ('00000000-0000-0000-0000-000000000001', '20000000-0000-0000-0000-000000000004', '30000000-0000-0000-0000-000000000017', 'loss', 'EVENT', false, false, NULL, NULL, NULL, NULL, '2026-01-12T21:28:00.000Z'),
  ('00000000-0000-0000-0000-000000000001', '20000000-0000-0000-0000-000000000004', '30000000-0000-0000-0000-00000000000f', 'win', 'EVENT', true, true, NULL, NULL, NULL, NULL, '2026-01-13T04:04:00.000Z'),
  ('00000000-0000-0000-0000-000000000001', '20000000-0000-0000-0000-000000000002', '30000000-0000-0000-0000-000000000002', 'win', 'RATE', true, true, NULL, 1536, NULL, NULL, '2026-01-13T09:40:00.000Z'),
  ('00000000-0000-0000-0000-000000000001', '20000000-0000-0000-0000-000000000002', '30000000-0000-0000-0000-000000000013', 'loss', 'RATE', true, true, NULL, 1474, NULL, NULL, '2026-01-13T10:10:00.000Z'),
  ('00000000-0000-0000-0000-000000000001', '20000000-0000-0000-0000-000000000003', '30000000-0000-0000-0000-000000000011', 'win', 'RANK', true, true, 4, NULL, NULL, NULL, '2026-01-13T10:49:00.000Z'),
  ('00000000-0000-0000-0000-000000000001', '20000000-0000-0000-0000-000000000004', '30000000-0000-0000-0000-00000000000c', 'loss', 'RATE', false, true, NULL, 1461, NULL, NULL, '2026-01-13T12:20:00.000Z'),
  ('00000000-0000-0000-0000-000000000001', '20000000-0000-0000-0000-000000000004', '30000000-0000-0000-0000-000000000019', 'loss', 'RANK', false, false, 12, NULL, NULL, NULL, '2026-01-14T11:13:00.000Z'),
  ('00000000-0000-0000-0000-000000000001', '20000000-0000-0000-0000-000000000004', '30000000-0000-0000-0000-00000000000d', 'win', 'RANK', false, true, 5, NULL, NULL, '展開通った', '2026-01-14T12:42:00.000Z'),
  ('00000000-0000-0000-0000-000000000001', '20000000-0000-0000-0000-000000000004', '30000000-0000-0000-0000-00000000000b', 'loss', 'RANK', true, true, 12, NULL, NULL, NULL, '2026-01-14T13:52:00.000Z'),
  ('00000000-0000-0000-0000-000000000001', '20000000-0000-0000-0000-000000000002', '30000000-0000-0000-0000-000000000015', 'loss', 'RANK', false, false, 1, NULL, NULL, NULL, '2026-01-15T02:05:00.000Z'),
  ('00000000-0000-0000-0000-000000000001', '20000000-0000-0000-0000-000000000004', '30000000-0000-0000-0000-000000000003', 'loss', 'EVENT', false, true, NULL, NULL, NULL, '手札0枚でターン返された', '2026-01-15T05:55:00.000Z'),
  ('00000000-0000-0000-0000-000000000001', '20000000-0000-0000-0000-000000000002', '30000000-0000-0000-0000-00000000000e', 'loss', 'RATE', false, false, NULL, 1463, NULL, NULL, '2026-01-15T15:35:00.000Z'),
  ('00000000-0000-0000-0000-000000000001', '20000000-0000-0000-0000-000000000004', '30000000-0000-0000-0000-000000000002', 'loss', 'RANK', true, false, 8, NULL, NULL, NULL, '2026-01-15T16:30:00.000Z'),
  ('00000000-0000-0000-0000-000000000001', '20000000-0000-0000-0000-000000000002', '30000000-0000-0000-0000-000000000004', 'win', 'RANK', true, true, 12, NULL, NULL, NULL, '2026-01-16T08:57:00.000Z'),
  ('00000000-0000-0000-0000-000000000001', '20000000-0000-0000-0000-000000000004', '30000000-0000-0000-0000-000000000013', 'win', 'RANK', false, false, 11, NULL, NULL, '展開通った', '2026-01-16T23:37:00.000Z'),
  ('00000000-0000-0000-0000-000000000001', '20000000-0000-0000-0000-000000000004', '30000000-0000-0000-0000-000000000010', 'loss', 'RANK', true, true, 9, NULL, NULL, NULL, '2026-01-17T00:32:00.000Z'),
  ('00000000-0000-0000-0000-000000000001', '20000000-0000-0000-0000-000000000004', '30000000-0000-0000-0000-00000000000b', 'loss', 'RANK', false, false, 7, NULL, NULL, NULL, '2026-01-17T06:56:00.000Z'),
  ('00000000-0000-0000-0000-000000000001', '20000000-0000-0000-0000-000000000001', '30000000-0000-0000-0000-000000000011', 'loss', 'DC', false, false, NULL, NULL, 374, '相手の盤面返せず', '2026-01-17T07:23:00.000Z'),
  ('00000000-0000-0000-0000-000000000001', '20000000-0000-0000-0000-000000000002', '30000000-0000-0000-0000-00000000000c', 'loss', 'EVENT', true, true, NULL, NULL, NULL, NULL, '2026-01-17T10:39:00.000Z'),
  ('00000000-0000-0000-0000-000000000001', '20000000-0000-0000-0000-000000000002', '30000000-0000-0000-0000-000000000014', 'win', 'RANK', true, true, 6, NULL, NULL, '一滴で全処理', '2026-01-17T11:07:00.000Z'),
  ('00000000-0000-0000-0000-000000000001', '20000000-0000-0000-0000-000000000002', '30000000-0000-0000-0000-000000000001', 'loss', 'RATE', true, true, NULL, 1452, NULL, NULL, '2026-01-18T06:46:00.000Z'),
  ('00000000-0000-0000-0000-000000000001', '20000000-0000-0000-0000-000000000004', '30000000-0000-0000-0000-000000000015', 'loss', 'DC', true, false, NULL, NULL, 0, NULL, '2026-01-18T09:28:00.000Z'),
  ('00000000-0000-0000-0000-000000000001', '20000000-0000-0000-0000-000000000002', '30000000-0000-0000-0000-000000000012', 'win', 'RATE', false, false, NULL, 1503, NULL, NULL, '2026-01-18T16:14:00.000Z'),
  ('00000000-0000-0000-0000-000000000001', '20000000-0000-0000-0000-000000000002', '30000000-0000-0000-0000-00000000000c', 'loss', 'EVENT', true, true, NULL, NULL, NULL, NULL, '2026-01-19T01:14:00.000Z'),
  ('00000000-0000-0000-0000-000000000001', '20000000-0000-0000-0000-000000000004', '30000000-0000-0000-0000-000000000003', 'loss', 'RANK', true, true, 2, NULL, NULL, NULL, '2026-01-19T01:36:00.000Z'),
  ('00000000-0000-0000-0000-000000000001', '20000000-0000-0000-0000-000000000002', '30000000-0000-0000-0000-000000000019', 'win', 'RANK', false, false, 7, NULL, NULL, NULL, '2026-01-19T06:21:00.000Z'),
  ('00000000-0000-0000-0000-000000000001', '20000000-0000-0000-0000-000000000002', '30000000-0000-0000-0000-00000000000c', 'win', 'DC', false, false, NULL, NULL, 57, NULL, '2026-01-19T13:41:00.000Z'),
  ('00000000-0000-0000-0000-000000000001', '20000000-0000-0000-0000-000000000004', '30000000-0000-0000-0000-00000000000a', 'loss', 'RATE', false, true, NULL, 1473, NULL, NULL, '2026-01-20T13:21:00.000Z'),
  ('00000000-0000-0000-0000-000000000001', '20000000-0000-0000-0000-000000000004', '30000000-0000-0000-0000-000000000005', 'win', 'EVENT', false, false, NULL, NULL, NULL, NULL, '2026-01-20T14:22:00.000Z'),
  ('00000000-0000-0000-0000-000000000001', '20000000-0000-0000-0000-000000000004', '30000000-0000-0000-0000-000000000019', 'win', 'DC', true, true, NULL, NULL, 339, NULL, '2026-01-20T14:36:00.000Z'),
  ('00000000-0000-0000-0000-000000000001', '20000000-0000-0000-0000-000000000002', '30000000-0000-0000-0000-000000000014', 'win', 'EVENT', false, false, NULL, NULL, NULL, NULL, '2026-01-20T16:30:00.000Z'),
  ('00000000-0000-0000-0000-000000000001', '20000000-0000-0000-0000-000000000002', '30000000-0000-0000-0000-000000000005', 'loss', 'RANK', false, false, 7, NULL, NULL, NULL, '2026-01-21T00:36:00.000Z'),
  ('00000000-0000-0000-0000-000000000001', '20000000-0000-0000-0000-000000000004', '30000000-0000-0000-0000-00000000000f', 'loss', 'RANK', true, true, 11, NULL, NULL, '勝てる気がしなかった', '2026-01-21T04:56:00.000Z'),
  ('00000000-0000-0000-0000-000000000001', '20000000-0000-0000-0000-000000000002', '30000000-0000-0000-0000-000000000013', 'loss', 'RANK', false, false, 13, NULL, NULL, NULL, '2026-01-21T08:45:00.000Z'),
  ('00000000-0000-0000-0000-000000000001', '20000000-0000-0000-0000-000000000002', '30000000-0000-0000-0000-000000000007', 'loss', 'RANK', true, true, 11, NULL, NULL, 'Gで止められた', '2026-01-21T09:57:00.000Z'),
  ('00000000-0000-0000-0000-000000000001', '20000000-0000-0000-0000-000000000004', '30000000-0000-0000-0000-00000000000d', 'win', 'RANK', false, true, 2, NULL, NULL, '初手全ハンデス成功', '2026-01-22T06:36:00.000Z'),
  ('00000000-0000-0000-0000-000000000001', '20000000-0000-0000-0000-000000000002', '30000000-0000-0000-0000-000000000016', 'win', 'RANK', false, false, 3, NULL, NULL, NULL, '2026-01-22T10:09:00.000Z'),
  ('00000000-0000-0000-0000-000000000001', '20000000-0000-0000-0000-000000000004', '30000000-0000-0000-0000-000000000014', 'win', 'RANK', true, true, 1, NULL, NULL, NULL, '2026-01-22T10:21:00.000Z'),
  ('00000000-0000-0000-0000-000000000001', '20000000-0000-0000-0000-000000000002', '30000000-0000-0000-0000-000000000016', 'win', 'EVENT', false, false, NULL, NULL, NULL, '泡影で止めた', '2026-01-22T12:09:00.000Z'),
  ('00000000-0000-0000-0000-000000000001', '20000000-0000-0000-0000-000000000003', '30000000-0000-0000-0000-000000000019', 'win', 'RATE', false, false, NULL, 1499, NULL, NULL, '2026-01-23T01:58:00.000Z'),
  ('00000000-0000-0000-0000-000000000001', '20000000-0000-0000-0000-000000000002', '30000000-0000-0000-0000-000000000003', 'loss', 'RANK', true, true, 12, NULL, NULL, NULL, '2026-01-23T13:09:00.000Z'),
  ('00000000-0000-0000-0000-000000000001', '20000000-0000-0000-0000-000000000004', '30000000-0000-0000-0000-000000000003', 'loss', 'RATE', false, false, NULL, 1461, NULL, NULL, '2026-01-24T01:24:00.000Z'),
  ('00000000-0000-0000-0000-000000000001', '20000000-0000-0000-0000-000000000002', '30000000-0000-0000-0000-00000000000c', 'win', 'RATE', false, false, NULL, 1521, NULL, 'アクセスコード通った', '2026-01-24T10:11:00.000Z'),
  ('00000000-0000-0000-0000-000000000001', '20000000-0000-0000-0000-000000000004', '30000000-0000-0000-0000-00000000000f', 'loss', 'RANK', true, true, 8, NULL, NULL, NULL, '2026-01-24T11:09:00.000Z'),
  ('00000000-0000-0000-0000-000000000001', '20000000-0000-0000-0000-000000000004', '30000000-0000-0000-0000-000000000011', 'win', 'EVENT', true, true, NULL, NULL, NULL, NULL, '2026-01-24T13:17:00.000Z'),
  ('00000000-0000-0000-0000-000000000001', '20000000-0000-0000-0000-000000000002', '30000000-0000-0000-0000-000000000017', 'win', 'EVENT', true, true, NULL, NULL, NULL, '一滴で全処理', '2026-01-24T14:06:00.000Z'),
  ('00000000-0000-0000-0000-000000000001', '20000000-0000-0000-0000-000000000004', '30000000-0000-0000-0000-000000000010', 'loss', 'RANK', false, false, 13, NULL, NULL, NULL, '2026-01-25T02:27:00.000Z'),
  ('00000000-0000-0000-0000-000000000001', '20000000-0000-0000-0000-000000000002', '30000000-0000-0000-0000-000000000002', 'win', 'EVENT', false, false, NULL, NULL, NULL, NULL, '2026-01-25T09:23:00.000Z'),
  ('00000000-0000-0000-0000-000000000001', '20000000-0000-0000-0000-000000000004', '30000000-0000-0000-0000-000000000003', 'loss', 'EVENT', false, false, NULL, NULL, NULL, NULL, '2026-01-25T10:18:00.000Z'),
  ('00000000-0000-0000-0000-000000000001', '20000000-0000-0000-0000-000000000004', '30000000-0000-0000-0000-000000000002', 'win', 'EVENT', false, false, NULL, NULL, NULL, '危なかった', '2026-01-25T12:53:00.000Z'),
  ('00000000-0000-0000-0000-000000000001', '20000000-0000-0000-0000-000000000004', '30000000-0000-0000-0000-000000000013', 'win', 'RATE', false, false, NULL, 1484, NULL, NULL, '2026-01-25T12:54:00.000Z'),
  ('00000000-0000-0000-0000-000000000001', '20000000-0000-0000-0000-000000000002', '30000000-0000-0000-0000-000000000007', 'loss', 'EVENT', false, false, NULL, NULL, NULL, '手札事故', '2026-01-26T04:56:00.000Z'),
  ('00000000-0000-0000-0000-000000000001', '20000000-0000-0000-0000-000000000002', '30000000-0000-0000-0000-000000000011', 'loss', 'RATE', false, false, NULL, 1484, NULL, NULL, '2026-01-26T08:18:00.000Z'),
  ('00000000-0000-0000-0000-000000000001', '20000000-0000-0000-0000-000000000004', '30000000-0000-0000-0000-00000000000d', 'loss', 'RANK', true, true, 12, NULL, NULL, NULL, '2026-01-26T08:24:00.000Z'),
  ('00000000-0000-0000-0000-000000000001', '20000000-0000-0000-0000-000000000002', '30000000-0000-0000-0000-000000000004', 'win', 'RATE', false, false, NULL, 1476, NULL, NULL, '2026-01-26T10:06:00.000Z'),
  ('00000000-0000-0000-0000-000000000001', '20000000-0000-0000-0000-000000000004', '30000000-0000-0000-0000-000000000003', 'win', 'RANK', false, false, 2, NULL, NULL, NULL, '2026-01-26T13:40:00.000Z'),
  ('00000000-0000-0000-0000-000000000001', '20000000-0000-0000-0000-000000000002', '30000000-0000-0000-0000-000000000012', 'loss', 'EVENT', true, true, NULL, NULL, NULL, NULL, '2026-01-27T06:22:00.000Z'),
  ('00000000-0000-0000-0000-000000000001', '20000000-0000-0000-0000-000000000002', '30000000-0000-0000-0000-00000000000a', 'win', 'RATE', true, true, NULL, 1484, NULL, NULL, '2026-01-27T06:33:00.000Z'),
  ('00000000-0000-0000-0000-000000000001', '20000000-0000-0000-0000-000000000002', '30000000-0000-0000-0000-000000000017', 'win', 'RANK', false, false, 11, NULL, NULL, NULL, '2026-01-28T01:40:00.000Z'),
  ('00000000-0000-0000-0000-000000000001', '20000000-0000-0000-0000-000000000002', '30000000-0000-0000-0000-000000000003', 'loss', 'RANK', false, false, 7, NULL, NULL, NULL, '2026-01-28T06:05:00.000Z'),
  ('00000000-0000-0000-0000-000000000001', '20000000-0000-0000-0000-000000000004', '30000000-0000-0000-0000-000000000011', 'loss', 'RANK', true, true, 12, NULL, NULL, NULL, '2026-01-28T06:54:00.000Z'),
  ('00000000-0000-0000-0000-000000000001', '20000000-0000-0000-0000-000000000002', '30000000-0000-0000-0000-000000000006', 'win', 'RANK', true, true, 8, NULL, NULL, NULL, '2026-01-28T09:58:00.000Z'),
  ('00000000-0000-0000-0000-000000000001', '20000000-0000-0000-0000-000000000002', '30000000-0000-0000-0000-000000000003', 'win', 'DC', true, false, NULL, NULL, 390, 'ロンギで返した', '2026-01-28T14:14:00.000Z'),
  ('00000000-0000-0000-0000-000000000001', '20000000-0000-0000-0000-000000000004', '30000000-0000-0000-0000-000000000013', 'win', 'RATE', true, true, NULL, 1528, NULL, NULL, '2026-02-01T00:09:00.000Z'),
  ('00000000-0000-0000-0000-000000000001', '20000000-0000-0000-0000-000000000002', '30000000-0000-0000-0000-000000000014', 'loss', 'EVENT', false, true, NULL, NULL, NULL, '操作ミスで負けた', '2026-02-01T01:06:00.000Z'),
  ('00000000-0000-0000-0000-000000000001', '20000000-0000-0000-0000-000000000002', '30000000-0000-0000-0000-000000000014', 'loss', 'RANK', false, false, 11, NULL, NULL, NULL, '2026-02-01T02:55:00.000Z'),
  ('00000000-0000-0000-0000-000000000001', '20000000-0000-0000-0000-000000000002', '30000000-0000-0000-0000-000000000011', 'win', 'RANK', false, false, 1, NULL, NULL, NULL, '2026-02-01T08:08:00.000Z'),
  ('00000000-0000-0000-0000-000000000001', '20000000-0000-0000-0000-000000000002', '30000000-0000-0000-0000-000000000014', 'loss', 'RATE', false, false, NULL, 1559, NULL, 'レート-22', '2026-02-01T12:02:00.000Z'),
  ('00000000-0000-0000-0000-000000000001', '20000000-0000-0000-0000-000000000002', '30000000-0000-0000-0000-000000000009', 'loss', 'RANK', true, true, 7, NULL, NULL, NULL, '2026-02-01T15:29:00.000Z'),
  ('00000000-0000-0000-0000-000000000001', '20000000-0000-0000-0000-000000000003', '30000000-0000-0000-0000-00000000000e', 'win', 'RANK', false, false, 1, NULL, NULL, NULL, '2026-02-02T08:35:00.000Z'),
  ('00000000-0000-0000-0000-000000000001', '20000000-0000-0000-0000-000000000002', '30000000-0000-0000-0000-000000000017', 'loss', 'RANK', false, false, 9, NULL, NULL, NULL, '2026-02-02T13:35:00.000Z'),
  ('00000000-0000-0000-0000-000000000001', '20000000-0000-0000-0000-000000000002', '30000000-0000-0000-0000-000000000016', 'loss', 'RANK', false, false, 10, NULL, NULL, NULL, '2026-02-03T08:41:00.000Z'),
  ('00000000-0000-0000-0000-000000000001', '20000000-0000-0000-0000-000000000004', '30000000-0000-0000-0000-000000000016', 'win', 'RANK', false, false, 9, NULL, NULL, NULL, '2026-02-04T16:12:00.000Z'),
  ('00000000-0000-0000-0000-000000000001', '20000000-0000-0000-0000-000000000002', '30000000-0000-0000-0000-00000000000a', 'loss', 'RANK', false, false, 5, NULL, NULL, NULL, '2026-02-05T05:28:00.000Z'),
  ('00000000-0000-0000-0000-000000000001', '20000000-0000-0000-0000-000000000002', '30000000-0000-0000-0000-000000000019', 'win', 'EVENT', true, true, NULL, NULL, NULL, '相手投了', '2026-02-05T22:43:00.000Z'),
  ('00000000-0000-0000-0000-000000000001', '20000000-0000-0000-0000-000000000002', '30000000-0000-0000-0000-000000000003', 'win', 'RANK', true, false, 4, NULL, NULL, NULL, '2026-02-06T11:16:00.000Z'),
  ('00000000-0000-0000-0000-000000000001', '20000000-0000-0000-0000-000000000002', '30000000-0000-0000-0000-000000000014', 'loss', 'RANK', false, false, 5, NULL, NULL, NULL, '2026-02-06T11:29:00.000Z'),
  ('00000000-0000-0000-0000-000000000001', '20000000-0000-0000-0000-000000000004', '30000000-0000-0000-0000-000000000010', 'loss', 'RANK', false, false, 3, NULL, NULL, NULL, '2026-02-06T15:28:00.000Z'),
  ('00000000-0000-0000-0000-000000000001', '20000000-0000-0000-0000-000000000002', '30000000-0000-0000-0000-000000000014', 'win', 'RANK', false, false, 7, NULL, NULL, NULL, '2026-02-07T04:01:00.000Z'),
  ('00000000-0000-0000-0000-000000000001', '20000000-0000-0000-0000-000000000001', '30000000-0000-0000-0000-00000000000b', 'win', 'RANK', true, true, 3, NULL, NULL, NULL, '2026-02-07T05:06:00.000Z'),
  ('00000000-0000-0000-0000-000000000001', '20000000-0000-0000-0000-000000000002', '30000000-0000-0000-0000-000000000007', 'loss', 'RANK', true, true, 9, NULL, NULL, NULL, '2026-02-07T06:35:00.000Z'),
  ('00000000-0000-0000-0000-000000000001', '20000000-0000-0000-0000-000000000002', '30000000-0000-0000-0000-00000000000e', 'loss', 'RANK', true, true, 8, NULL, NULL, NULL, '2026-02-07T11:25:00.000Z'),
  ('00000000-0000-0000-0000-000000000001', '20000000-0000-0000-0000-000000000002', '30000000-0000-0000-0000-000000000007', 'win', 'RATE', true, true, NULL, 1579, NULL, NULL, '2026-02-08T02:21:00.000Z'),
  ('00000000-0000-0000-0000-000000000001', '20000000-0000-0000-0000-000000000002', '30000000-0000-0000-0000-000000000019', 'win', 'RANK', true, true, 8, NULL, NULL, NULL, '2026-02-08T08:57:00.000Z'),
  ('00000000-0000-0000-0000-000000000001', '20000000-0000-0000-0000-000000000004', '30000000-0000-0000-0000-000000000010', 'win', 'EVENT', true, true, NULL, NULL, NULL, NULL, '2026-02-08T11:37:00.000Z'),
  ('00000000-0000-0000-0000-000000000001', '20000000-0000-0000-0000-000000000002', '30000000-0000-0000-0000-000000000016', 'loss', 'RANK', true, true, 8, NULL, NULL, '展開途中で止められた', '2026-02-08T16:25:00.000Z'),
  ('00000000-0000-0000-0000-000000000001', '20000000-0000-0000-0000-000000000002', '30000000-0000-0000-0000-000000000006', 'win', 'RATE', true, true, NULL, 1541, NULL, NULL, '2026-02-09T05:04:00.000Z'),
  ('00000000-0000-0000-0000-000000000001', '20000000-0000-0000-0000-000000000002', '30000000-0000-0000-0000-00000000000c', 'loss', 'RANK', true, true, 1, NULL, NULL, NULL, '2026-02-09T21:16:00.000Z'),
  ('00000000-0000-0000-0000-000000000001', '20000000-0000-0000-0000-000000000004', '30000000-0000-0000-0000-00000000000a', 'loss', 'RANK', true, true, 2, NULL, NULL, NULL, '2026-02-09T22:36:00.000Z'),
  ('00000000-0000-0000-0000-000000000001', '20000000-0000-0000-0000-000000000002', '30000000-0000-0000-0000-000000000018', 'win', 'RATE', true, false, NULL, 1489, NULL, NULL, '2026-02-10T11:17:00.000Z'),
  ('00000000-0000-0000-0000-000000000001', '20000000-0000-0000-0000-000000000002', '30000000-0000-0000-0000-000000000017', 'win', 'DC', true, true, NULL, NULL, 54, NULL, '2026-02-11T08:48:00.000Z'),
  ('00000000-0000-0000-0000-000000000001', '20000000-0000-0000-0000-000000000004', '30000000-0000-0000-0000-000000000007', 'win', 'RATE', false, false, NULL, 1566, NULL, NULL, '2026-02-12T04:02:00.000Z'),
  ('00000000-0000-0000-0000-000000000001', '20000000-0000-0000-0000-000000000002', '30000000-0000-0000-0000-000000000017', 'win', 'RANK', true, true, 6, NULL, NULL, NULL, '2026-02-12T04:19:00.000Z'),
  ('00000000-0000-0000-0000-000000000001', '20000000-0000-0000-0000-000000000002', '30000000-0000-0000-0000-000000000007', 'loss', 'RANK', false, false, 4, NULL, NULL, NULL, '2026-02-12T07:25:00.000Z'),
  ('00000000-0000-0000-0000-000000000001', '20000000-0000-0000-0000-000000000004', '30000000-0000-0000-0000-00000000000b', 'win', 'RATE', true, true, NULL, 1530, NULL, '展開通った', '2026-02-12T16:58:00.000Z'),
  ('00000000-0000-0000-0000-000000000001', '20000000-0000-0000-0000-000000000004', '30000000-0000-0000-0000-00000000000d', 'loss', 'EVENT', false, false, NULL, NULL, NULL, NULL, '2026-02-12T22:17:00.000Z'),
  ('00000000-0000-0000-0000-000000000001', '20000000-0000-0000-0000-000000000002', '30000000-0000-0000-0000-00000000000e', 'win', 'RANK', true, true, 1, NULL, NULL, NULL, '2026-02-13T07:35:00.000Z'),
  ('00000000-0000-0000-0000-000000000001', '20000000-0000-0000-0000-000000000002', '30000000-0000-0000-0000-000000000010', 'loss', 'RANK', true, true, 12, NULL, NULL, '操作ミスで負けた', '2026-02-13T09:27:00.000Z'),
  ('00000000-0000-0000-0000-000000000001', '20000000-0000-0000-0000-000000000002', '30000000-0000-0000-0000-00000000000a', 'loss', 'DC', false, false, NULL, NULL, 0, NULL, '2026-02-13T14:38:00.000Z'),
  ('00000000-0000-0000-0000-000000000001', '20000000-0000-0000-0000-000000000002', '30000000-0000-0000-0000-000000000019', 'win', 'EVENT', true, true, NULL, NULL, NULL, NULL, '2026-02-14T06:38:00.000Z'),
  ('00000000-0000-0000-0000-000000000001', '20000000-0000-0000-0000-000000000002', '30000000-0000-0000-0000-000000000009', 'loss', 'RANK', false, true, 7, NULL, NULL, NULL, '2026-02-14T10:52:00.000Z'),
  ('00000000-0000-0000-0000-000000000001', '20000000-0000-0000-0000-000000000004', '30000000-0000-0000-0000-00000000000e', 'win', 'EVENT', true, true, NULL, NULL, NULL, NULL, '2026-02-14T13:23:00.000Z'),
  ('00000000-0000-0000-0000-000000000001', '20000000-0000-0000-0000-000000000004', '30000000-0000-0000-0000-00000000000c', 'loss', 'DC', false, false, NULL, NULL, 0, NULL, '2026-02-15T02:32:00.000Z'),
  ('00000000-0000-0000-0000-000000000001', '20000000-0000-0000-0000-000000000002', '30000000-0000-0000-0000-000000000008', 'win', 'RANK', false, false, 10, NULL, NULL, NULL, '2026-02-15T04:46:00.000Z'),
  ('00000000-0000-0000-0000-000000000001', '20000000-0000-0000-0000-000000000002', '30000000-0000-0000-0000-000000000012', 'win', 'RANK', false, false, 2, NULL, NULL, NULL, '2026-02-15T11:01:00.000Z'),
  ('00000000-0000-0000-0000-000000000001', '20000000-0000-0000-0000-000000000003', '30000000-0000-0000-0000-000000000018', 'loss', 'RANK', false, true, 11, NULL, NULL, NULL, '2026-02-15T14:43:00.000Z'),
  ('00000000-0000-0000-0000-000000000001', '20000000-0000-0000-0000-000000000002', '30000000-0000-0000-0000-000000000006', 'loss', 'DC', true, true, NULL, NULL, 0, NULL, '2026-02-15T15:07:00.000Z'),
  ('00000000-0000-0000-0000-000000000001', '20000000-0000-0000-0000-000000000003', '30000000-0000-0000-0000-000000000011', 'loss', 'RANK', false, false, 9, NULL, NULL, NULL, '2026-02-15T15:58:00.000Z'),
  ('00000000-0000-0000-0000-000000000001', '20000000-0000-0000-0000-000000000004', '30000000-0000-0000-0000-000000000005', 'win', 'EVENT', true, false, NULL, NULL, NULL, NULL, '2026-02-15T21:05:00.000Z'),
  ('00000000-0000-0000-0000-000000000001', '20000000-0000-0000-0000-000000000002', '30000000-0000-0000-0000-00000000000c', 'win', 'RATE', false, true, NULL, 1471, NULL, NULL, '2026-02-15T21:45:00.000Z'),
  ('00000000-0000-0000-0000-000000000001', '20000000-0000-0000-0000-000000000002', '30000000-0000-0000-0000-000000000010', 'win', 'RATE', false, false, NULL, 1512, NULL, NULL, '2026-02-16T14:36:00.000Z'),
  ('00000000-0000-0000-0000-000000000001', '20000000-0000-0000-0000-000000000004', '30000000-0000-0000-0000-00000000000c', 'win', 'RANK', true, true, 5, NULL, NULL, '相手事故ってた', '2026-02-16T14:38:00.000Z'),
  ('00000000-0000-0000-0000-000000000001', '20000000-0000-0000-0000-000000000002', '30000000-0000-0000-0000-000000000013', 'win', 'RATE', false, false, NULL, 1502, NULL, NULL, '2026-02-16T14:57:00.000Z'),
  ('00000000-0000-0000-0000-000000000001', '20000000-0000-0000-0000-000000000004', '30000000-0000-0000-0000-000000000007', 'win', 'RANK', false, false, 4, NULL, NULL, NULL, '2026-02-16T22:20:00.000Z'),
  ('00000000-0000-0000-0000-000000000001', '20000000-0000-0000-0000-000000000004', '30000000-0000-0000-0000-000000000010', 'loss', 'RANK', false, false, 10, NULL, NULL, NULL, '2026-02-17T02:08:00.000Z'),
  ('00000000-0000-0000-0000-000000000001', '20000000-0000-0000-0000-000000000004', '30000000-0000-0000-0000-000000000007', 'loss', 'RANK', true, true, 4, NULL, NULL, NULL, '2026-02-17T05:13:00.000Z'),
  ('00000000-0000-0000-0000-000000000001', '20000000-0000-0000-0000-000000000004', '30000000-0000-0000-0000-00000000000d', 'win', 'RANK', false, false, 6, NULL, NULL, NULL, '2026-02-17T08:45:00.000Z'),
  ('00000000-0000-0000-0000-000000000001', '20000000-0000-0000-0000-000000000004', '30000000-0000-0000-0000-000000000010', 'win', 'EVENT', true, true, NULL, NULL, NULL, NULL, '2026-02-17T14:29:00.000Z'),
  ('00000000-0000-0000-0000-000000000001', '20000000-0000-0000-0000-000000000002', '30000000-0000-0000-0000-000000000007', 'loss', 'RANK', false, false, 5, NULL, NULL, NULL, '2026-02-18T13:51:00.000Z'),
  ('00000000-0000-0000-0000-000000000001', '20000000-0000-0000-0000-000000000004', '30000000-0000-0000-0000-000000000001', 'loss', 'RANK', true, true, 4, NULL, NULL, 'ドロール食らった', '2026-02-18T16:30:00.000Z'),
  ('00000000-0000-0000-0000-000000000001', '20000000-0000-0000-0000-000000000002', '30000000-0000-0000-0000-000000000003', 'loss', 'EVENT', true, true, NULL, NULL, NULL, NULL, '2026-02-19T00:41:00.000Z'),
  ('00000000-0000-0000-0000-000000000001', '20000000-0000-0000-0000-000000000004', '30000000-0000-0000-0000-000000000015', 'loss', 'RANK', true, true, 12, NULL, NULL, NULL, '2026-02-19T15:40:00.000Z'),
  ('00000000-0000-0000-0000-000000000001', '20000000-0000-0000-0000-000000000002', '30000000-0000-0000-0000-00000000000e', 'win', 'RANK', false, false, 5, NULL, NULL, NULL, '2026-02-20T01:56:00.000Z'),
  ('00000000-0000-0000-0000-000000000001', '20000000-0000-0000-0000-000000000004', '30000000-0000-0000-0000-00000000000e', 'win', 'EVENT', true, true, NULL, NULL, NULL, NULL, '2026-02-20T02:51:00.000Z'),
  ('00000000-0000-0000-0000-000000000001', '20000000-0000-0000-0000-000000000002', '30000000-0000-0000-0000-000000000019', 'loss', 'RANK', false, false, 6, NULL, NULL, NULL, '2026-02-20T09:03:00.000Z'),
  ('00000000-0000-0000-0000-000000000001', '20000000-0000-0000-0000-000000000002', '30000000-0000-0000-0000-000000000012', 'loss', 'EVENT', false, false, NULL, NULL, NULL, NULL, '2026-02-20T14:20:00.000Z'),
  ('00000000-0000-0000-0000-000000000001', '20000000-0000-0000-0000-000000000001', '30000000-0000-0000-0000-000000000017', 'loss', 'RANK', false, false, 6, NULL, NULL, NULL, '2026-02-20T22:56:00.000Z'),
  ('00000000-0000-0000-0000-000000000001', '20000000-0000-0000-0000-000000000002', '30000000-0000-0000-0000-00000000000d', 'win', 'RANK', true, true, 3, NULL, NULL, '妨害踏み越えた', '2026-02-21T08:34:00.000Z'),
  ('00000000-0000-0000-0000-000000000001', '20000000-0000-0000-0000-000000000002', '30000000-0000-0000-0000-000000000015', 'win', 'RANK', true, true, 1, NULL, NULL, NULL, '2026-02-21T11:24:00.000Z'),
  ('00000000-0000-0000-0000-000000000001', '20000000-0000-0000-0000-000000000004', '30000000-0000-0000-0000-000000000005', 'loss', 'RANK', true, true, 1, NULL, NULL, '操作ミスで負けた', '2026-02-22T05:17:00.000Z'),
  ('00000000-0000-0000-0000-000000000001', '20000000-0000-0000-0000-000000000002', '30000000-0000-0000-0000-000000000004', 'loss', 'EVENT', true, true, NULL, NULL, NULL, NULL, '2026-02-22T06:12:00.000Z'),
  ('00000000-0000-0000-0000-000000000001', '20000000-0000-0000-0000-000000000003', '30000000-0000-0000-0000-000000000006', 'win', 'RANK', true, true, 8, NULL, NULL, NULL, '2026-02-24T14:20:00.000Z'),
  ('00000000-0000-0000-0000-000000000001', '20000000-0000-0000-0000-000000000002', '30000000-0000-0000-0000-000000000009', 'loss', 'DC', false, false, NULL, NULL, 39, NULL, '2026-02-24T22:27:00.000Z'),
  ('00000000-0000-0000-0000-000000000001', '20000000-0000-0000-0000-000000000004', '30000000-0000-0000-0000-000000000019', 'loss', 'RATE', true, true, NULL, 1507, NULL, NULL, '2026-02-25T07:22:00.000Z'),
  ('00000000-0000-0000-0000-000000000001', '20000000-0000-0000-0000-000000000002', '30000000-0000-0000-0000-000000000011', 'loss', 'RANK', false, false, 11, NULL, NULL, NULL, '2026-02-25T10:39:00.000Z'),
  ('00000000-0000-0000-0000-000000000001', '20000000-0000-0000-0000-000000000004', '30000000-0000-0000-0000-000000000011', 'loss', 'RANK', false, false, 5, NULL, NULL, NULL, '2026-02-25T14:57:00.000Z'),
  ('00000000-0000-0000-0000-000000000001', '20000000-0000-0000-0000-000000000004', '30000000-0000-0000-0000-000000000005', 'win', 'RATE', false, false, NULL, 1451, NULL, NULL, '2026-02-25T16:34:00.000Z'),
  ('00000000-0000-0000-0000-000000000001', '20000000-0000-0000-0000-000000000002', '30000000-0000-0000-0000-000000000013', 'win', 'RANK', true, true, 1, NULL, NULL, NULL, '2026-02-27T10:02:00.000Z'),
  ('00000000-0000-0000-0000-000000000001', '20000000-0000-0000-0000-000000000002', '30000000-0000-0000-0000-000000000006', 'win', 'EVENT', true, true, NULL, NULL, NULL, NULL, '2026-02-27T11:24:00.000Z'),
  ('00000000-0000-0000-0000-000000000001', '20000000-0000-0000-0000-000000000004', '30000000-0000-0000-0000-00000000000e', 'win', 'RANK', true, true, 3, NULL, NULL, NULL, '2026-02-27T16:31:00.000Z'),
  ('00000000-0000-0000-0000-000000000001', '20000000-0000-0000-0000-000000000002', '30000000-0000-0000-0000-000000000005', 'loss', 'RANK', false, false, 2, NULL, NULL, NULL, '2026-02-27T16:38:00.000Z'),
  ('00000000-0000-0000-0000-000000000001', '20000000-0000-0000-0000-000000000001', '30000000-0000-0000-0000-000000000013', 'win', 'RANK', true, true, 11, NULL, NULL, NULL, '2026-02-27T21:27:00.000Z'),
  ('00000000-0000-0000-0000-000000000001', '20000000-0000-0000-0000-000000000002', '30000000-0000-0000-0000-00000000000b', 'loss', 'RANK', false, false, 3, NULL, NULL, NULL, '2026-02-28T00:48:00.000Z');

-- Summary:
--   Player decks: 4
--   Opponent decks: 25
--   Total duels: 294
--   RANK: 171
--   RATE: 51
--   EVENT: 55
--   DC: 17
--   Win rate: 47.6%
